{
"type": "FeatureCollection",
"name": "CR_ridings",
"crs": { "type": "name", "properties": { "name": "urn:ogc:def:crs:OGC:1.3:CRS84" } },
"features": [
{"type":"Feature","properties":{"fid":60,"ed_num":24,"ed_name":"Calgary-South East"},"geometry":{"type":"MultiPolygon","coordinates":[[[[-113.860125912188849,50.907178749711164],[-113.860134177319495,50.906357695289046],[-113.859991803354504,50.90553671443076],[-113.859903184004295,50.857742446288583],[-113.860110313689162,50.857780814398453],[-113.860340026805176,50.857772649770318],[-113.860490933457172,50.85749573990428],[-113.860622986196702,50.857333937906077],[-113.860732049108933,50.85726160888025],[-113.86105099472347,50.857176392136068],[-113.861357457475862,50.857149046068699],[-113.862666529915643,50.857447455555508],[-113.864715047686332,50.858015679306142],[-113.865954506252976,50.858323170006919],[-113.867232700888849,50.858618274156655],[-113.868157338894221,50.858759558455816],[-113.871292112157718,50.859093166806502],[-113.872897710832589,50.85918705847233],[-113.873368665630522,50.859245580833239],[-113.873619355577702,50.859246671197631],[-113.874699262730019,50.859044879971968],[-113.875881097023353,50.858922771024595],[-113.876902849947868,50.858861164688079],[-113.877456029206144,50.858865365273587],[-113.877978220771922,50.858816797798099],[-113.878274840714283,50.858833339534527],[-113.878499672417377,50.85887366778995],[-113.87867370487433,50.858940216725117],[-113.87909093748226,50.859206680417962],[-113.879603817131269,50.859414170297903],[-113.880416952601891,50.859614182850237],[-113.881109855387621,50.859692556741088],[-113.881474086678793,50.859816788621579],[-113.881912757886212,50.859899337738668],[-113.884620892205376,50.860162500060184],[-113.884870929255271,50.860154571634681],[-113.885082394590185,50.860197623306441],[-113.886145372647078,50.86024047700964],[-113.886621888122008,50.860194257686658],[-113.886835732732806,50.860237335168172],[-113.887876551834182,50.86030220854844],[-113.888393511723137,50.860320325390482],[-113.888853568408166,50.860260203217827],[-113.890922772443972,50.860346419118478],[-113.89140819858325,50.860395470836082],[-113.891940427391191,50.860397019348845],[-113.892721546118523,50.860381304217057],[-113.893968937752973,50.860289826655197],[-113.89629384690943,50.86019532504644],[-113.896685541464407,50.860091222840047],[-113.897810878176855,50.859910747311545],[-113.898596617414043,50.859741188625662],[-113.899937121208907,50.859541339198017],[-113.900128004858132,50.859483681737991],[-113.900248905435689,50.859417521124115],[-113.9002376674581,50.85931427598706],[-113.90038979382139,50.859231966397168],[-113.900905591770595,50.85905747748771],[-113.900837893999608,50.858943187083653],[-113.900865348727478,50.858808499801555],[-113.901103154258706,50.858605807214417],[-113.901374652971924,50.858248912333927],[-113.901945060125684,50.857704597694031],[-113.902448978468669,50.857302031080302],[-113.902850970272851,50.85701972912495],[-113.904196024512856,50.856243116947702],[-113.904832402490342,50.85593492845053],[-113.905091868270361,50.855749282971914],[-113.905771304583382,50.855409794381046],[-113.905771458436618,50.85546153559666],[-113.906079780765879,50.855333588106262],[-113.907409947934198,50.854612957737253],[-113.908227592632244,50.854261742793227],[-113.908987899617685,50.85404236274114],[-113.910348240032178,50.853786756778256],[-113.911117689921852,50.853592063083617],[-113.912238377337815,50.853434349461175],[-113.913220729816231,50.853239755909023],[-113.914422203728094,50.853081864116916],[-113.915061701292586,50.853076791558408],[-113.916113306147594,50.853165535890213],[-113.917417829948107,50.853212497907123],[-113.919888623743446,50.8531772819927],[-113.921037028299892,50.85297216493376],[-113.921641029044252,50.852538899269973],[-113.921853544558985,50.852455142525727],[-113.923074456385507,50.852289774741713],[-113.923608880734704,50.852288604437518],[-113.924260422941941,50.852196216324778],[-113.926877030657266,50.852213835855686],[-113.927500672007866,50.852273143334273],[-113.929878259536224,50.852403376699954],[-113.931364216101898,50.852462667551883],[-113.932779037733397,50.852467372072994],[-113.933689439864409,50.852638955412068],[-113.933846915236003,50.852645774000585],[-113.935121314572214,50.852601107159899],[-113.935984344614354,50.852491499723335],[-113.936843864239407,50.852291023762334],[-113.93809606007305,50.852056859754434],[-113.939643752475774,50.851633576854319],[-113.940295662511758,50.851383965951769],[-113.942105765201205,50.850578480304506],[-113.943479261294272,50.849782014938789],[-113.944504438872741,50.849136505079109],[-113.944782911727458,50.849035660532799],[-113.944919789726626,50.848913032023844],[-113.944885465723033,50.848766364138328],[-113.945041737882917,50.848611729766802],[-113.945100553726945,50.848466326619871],[-113.945475032205792,50.848086138230187],[-113.945633770372879,50.847770169378322],[-113.946010748234727,50.84725334346053],[-113.946322715438924,50.846734740927872],[-113.946833211091331,50.846188959850956],[-113.947401661660351,50.845722635870352],[-113.947472877500786,50.845622470531183],[-113.947452800611799,50.845419576711116],[-113.947490868018122,50.845343214468976],[-113.947991317744908,50.845091285521882],[-113.948051427946083,50.844896536772502],[-113.948335732828752,50.844564423032082],[-113.948771261295562,50.84434273726697],[-113.948801739167664,50.844139786149881],[-113.94915464113393,50.843812624561565],[-113.949672283252482,50.843519089595766],[-113.950201011700855,50.843323338172851],[-113.951737878659486,50.842917576851079],[-113.952332664068408,50.842846968590464],[-113.952775210071437,50.842821323970348],[-113.953303313366717,50.842869264122044],[-113.954046656120511,50.842984924843179],[-113.954295272100964,50.843060969731155],[-113.954928222725684,50.843439569614695],[-113.955392065223904,50.844001209747603],[-113.95583085792714,50.844649207616925],[-113.956287338075086,50.845438165862646],[-113.956495087219665,50.846006558430474],[-113.956549078427344,50.846325510176847],[-113.956578925563051,50.84789196924693],[-113.956673802192242,50.848370556787827],[-113.95708809221901,50.849364773074321],[-113.957158205824328,50.849625177865207],[-113.957325013612191,50.849877404930488],[-113.957709330535664,50.850199274207839],[-113.958261677668901,50.850565232240875],[-113.958741797969978,50.850623236250044],[-113.959228750041817,50.850606735111363],[-113.959617155249887,50.850742404203785],[-113.959664855602128,50.850737692386822],[-113.959740397480374,50.850654346218974],[-113.959941941456748,50.850647694859695],[-113.95982418097023,50.850753210413856],[-113.959895182977846,50.850823549239472],[-113.960376949565713,50.851067323788151],[-113.960721655464809,50.851338179151256],[-113.961376055270023,50.852275076183666],[-113.961844619604449,50.852684409004866],[-113.962365127876311,50.853023128361436],[-113.962770434573898,50.853658034178771],[-113.96299687519145,50.85384382978085],[-113.963876808052134,50.854174795682596],[-113.964016533748236,50.854252516519047],[-113.964107724060739,50.854410398165541],[-113.964019847203573,50.854587427453531],[-113.964031937001735,50.854649926398217],[-113.964310182798599,50.854838164804377],[-113.964843646685097,50.855042086930688],[-113.965745485396425,50.855295645005803],[-113.967457304577039,50.855608420791043],[-113.967818295517219,50.855645108642968],[-113.967904930568849,50.855621062185655],[-113.968029473068867,50.855506152110124],[-113.968056198759314,50.855199918450992],[-113.968171741721932,50.855072171428887],[-113.968311635990588,50.854990603327039],[-113.969290745417183,50.854516784162271],[-113.970079753939956,50.854408251535837],[-113.972067918735632,50.854917374437541],[-113.973208726483236,50.855260931193882],[-113.972162000766346,50.85396255319548],[-113.972725382685255,50.854053126661725],[-113.974097326738615,50.854496424256084],[-113.976450644255181,50.855426599988455],[-113.979385407369605,50.85686428663724],[-113.979893170769614,50.857086525428223],[-113.980290876446674,50.857202468012169],[-113.981153298473487,50.857593184461386],[-113.982240619508957,50.857998566505209],[-113.983190261739736,50.858489257181716],[-113.983769960080679,50.858855740846401],[-113.984272038985239,50.859282392683966],[-113.984496736924484,50.859513508711835],[-113.985010621418041,50.860275017868197],[-113.985863510030327,50.86175370155911],[-113.986183788923356,50.862466817429407],[-113.986439311777531,50.862863817222198],[-113.98647844722187,50.862985436529932],[-113.986491557149762,50.863523662424505],[-113.986744081865353,50.864097460602586],[-113.987753155403624,50.865692860416665],[-113.989049468063385,50.867263144599043],[-113.989825522104539,50.868056094609223],[-113.990038386147106,50.868472527275614],[-113.990537966881462,50.869066187094624],[-113.990663638582447,50.869169999902788],[-113.99103533572611,50.869296902754449],[-113.991802595124682,50.869720317147767],[-113.992404222341577,50.870243841594444],[-113.992985906784327,50.870961798774005],[-113.993032777758529,50.871111114873536],[-113.99290673932461,50.871206378975323],[-113.992634209819641,50.871204042943617],[-113.992413511698302,50.871238262543741],[-113.992305995228961,50.87134248189659],[-113.992465892163182,50.871778753422987],[-113.993304410965962,50.873073802653145],[-113.993836192683659,50.874010733289388],[-113.99401676050833,50.874610044002132],[-113.994074398667735,50.875558439294011],[-113.994202295748167,50.875837483957646],[-113.994311238636087,50.876851795499547],[-113.994344781486348,50.877912205112274],[-113.994432252746066,50.878573065077497],[-113.994388123822631,50.87948209168912],[-113.994254162253625,50.880149511891346],[-113.994217866917168,50.880677331603295],[-113.994211080815816,50.881572797929302],[-113.994379881932829,50.882544580148299],[-113.994252771392723,50.882834045436859],[-113.994232771436458,50.883196084209516],[-113.994416067424396,50.883980956287068],[-113.994589262383712,50.884406035292415],[-113.995127152242247,50.885344108608386],[-113.995703933991265,50.88608533677894],[-113.996084604478099,50.886394628447555],[-113.996519573213149,50.886672706946065],[-113.996916632019108,50.886790191229004],[-113.997376864499685,50.886868469093351],[-113.998855312374857,50.887221858452982],[-114.000314558271086,50.887418737759646],[-114.000877592323306,50.887523101118433],[-114.001285515201076,50.88753514674675],[-114.001912730883845,50.887599735320556],[-114.002848706719149,50.88780313829556],[-114.003208443861823,50.887956558458249],[-114.003789934418222,50.888108965680068],[-114.00415044594078,50.888329773728934],[-114.004464807309404,50.888608774342707],[-114.004844660174967,50.888821413446443],[-114.005349137869857,50.888960608517166],[-114.005549118496461,50.889118815048626],[-114.005800376466453,50.889465546348482],[-114.006872294129309,50.890554026311847],[-114.00721806158522,50.891165852884974],[-114.007774204111286,50.891705297678065],[-114.008837396026465,50.892412243677008],[-114.009284196570775,50.892523476582618],[-114.009560758826623,50.892667813289819],[-114.009784719511117,50.89285014342947],[-114.010331797205055,50.893983810968173],[-114.001667345871709,50.895515009680025],[-113.998538649964857,50.896023402712096],[-113.980673901934026,50.899153378678172],[-113.975304850566104,50.900082796784744],[-113.972928576260415,50.900466113293618],[-113.957131303178215,50.903277615348522],[-113.9434878200301,50.90560573728812],[-113.94010284105677,50.906127297318768],[-113.936207184551407,50.906586985386987],[-113.931562616802694,50.906835633339533],[-113.930418362172063,50.906835156979014],[-113.929182511143964,50.906927314272586],[-113.926991041390309,50.907003520470418],[-113.921126180147624,50.907042450027923],[-113.910685094922485,50.907038510598689],[-113.905998895686835,50.90698307383893],[-113.903920787201827,50.9070216880991],[-113.902264827851752,50.907087481670175],[-113.860125912188849,50.907178749711164]]]]}},
{"type":"Feature","properties":{"fid":61,"ed_num":23,"ed_name":"Calgary-Shaw"},"geometry":{"type":"MultiPolygon","coordinates":[[[[-113.972095531325436,50.853880100273301],[-113.972633368708145,50.852675133451605],[-113.972613143052129,50.852566349046427],[-113.972533998391043,50.852467540452238],[-113.97240450381652,50.852391770532421],[-113.972245949249967,50.852350046864792],[-113.973697366575934,50.848515123317902],[-113.998501892292921,50.848419913984571],[-114.001812464492204,50.84848550721798],[-114.024836078492598,50.848543210465238],[-114.024835363740721,50.848724007744003],[-114.024875739114464,50.848723949354273],[-114.024885583309114,50.848769131680619],[-114.047658185095003,50.848759005587873],[-114.047658782565705,50.848531504284182],[-114.070787506504942,50.848513152668673],[-114.070769937637621,50.853351329360294],[-114.071056255169012,50.853350990082859],[-114.071053429002234,50.854054896971526],[-114.072762551434423,50.854076339489154],[-114.07399403442264,50.854212049845465],[-114.074292699618084,50.853657042538686],[-114.074763873571129,50.853295512160351],[-114.075500618113338,50.852922114518663],[-114.076257854742181,50.852217670553536],[-114.077690142763316,50.852981664332184],[-114.078648810254748,50.853748784271225],[-114.07959715814853,50.85595441902656],[-114.080307150876536,50.855954823539015],[-114.080376398199803,50.856215577094339],[-114.080267125779912,50.856459063793359],[-114.080312792592139,50.856709594047551],[-114.080647990400976,50.857271865758911],[-114.080686135691025,50.857580396792294],[-114.080609366027289,50.857924448836918],[-114.080425244543278,50.858192868409645],[-114.080356610556478,50.858492852275731],[-114.080474959673879,50.858878025503039],[-114.080606886314214,50.859076565997974],[-114.080778950588268,50.859156101242675],[-114.081018151035494,50.859078706375023],[-114.081360201585142,50.859027555599511],[-114.081749019049141,50.859070334962404],[-114.08200057013083,50.859178913826113],[-114.082191037407696,50.859546913097226],[-114.082338671780505,50.860218613582653],[-114.082317583639082,50.860441256248833],[-114.08214425810813,50.860624628426748],[-114.082138154677693,50.860848549436895],[-114.082665555986196,50.861336619928828],[-114.082699396651961,50.861928428494998],[-114.082942353252307,50.862467215449762],[-114.083234511773711,50.862793861204473],[-114.083504647348462,50.863009149564924],[-114.094135627589736,50.863012464590511],[-114.094114236251812,50.8700743398471],[-114.093828383315767,50.870074027874104],[-114.093827464636462,50.870410157797139],[-114.093825657187196,50.874110663962625],[-114.09411143861459,50.874110804480857],[-114.094102542663038,50.888490815721816],[-114.093949964428177,50.888490825871322],[-114.093949449983995,50.892159123240361],[-114.093898679294938,50.894923733680976],[-114.093416112924814,50.895728207459008],[-114.093287514110187,50.896022520173922],[-114.093228707722005,50.896519430646556],[-114.093382910799647,50.897437649481354],[-114.093522504673899,50.897842843960881],[-114.093948239145661,50.898700998900885],[-114.094497768361464,50.89951348436486],[-114.094906796741526,50.899967395658983],[-114.095462081118484,50.900484608150023],[-114.097786449503374,50.90230554659577],[-114.098554876353177,50.903244042854503],[-114.098696333465668,50.903555987976581],[-114.098928598470735,50.904257200970264],[-114.099014907109805,50.904879572608593],[-114.099007056425862,50.907832615032071],[-114.09926482675192,50.908487395860291],[-114.099860724070581,50.90945563585651],[-114.099978527851633,50.909720769851695],[-114.100091837336592,50.91021900758669],[-114.10011642523942,50.914042687217268],[-114.089102366636453,50.914019435668507],[-114.083176832229938,50.914035219813016],[-114.080399351278814,50.913997831044284],[-114.080055812585869,50.913964038908048],[-114.079173923023518,50.91380166035254],[-114.07748698098348,50.913322062666275],[-114.076409074288748,50.913127027542302],[-114.072138661970428,50.91275122602444],[-114.071155711948322,50.912727867044417],[-114.069948742274264,50.912842598975189],[-114.069208816621781,50.912961043176345],[-114.067495327050793,50.913392515979211],[-114.065347897330142,50.910071449506304],[-114.062288549088777,50.905113131871019],[-114.058971474392095,50.899918115714904],[-114.057557544174998,50.897612065984383],[-114.054391811475512,50.892606801623181],[-114.044834487928043,50.892616580547752],[-114.03872068478023,50.89279114461749],[-114.029280087312301,50.892775862883326],[-114.020400791138258,50.892848338371472],[-114.01728351826425,50.893010696166812],[-114.016221017921723,50.893127451189315],[-114.013596982334832,50.89346146801951],[-114.010331797205055,50.893983810968173],[-114.009784719511117,50.89285014342947],[-114.009560758826623,50.892667813289819],[-114.009284196570775,50.892523476582618],[-114.008837396026465,50.892412243677008],[-114.007774204111286,50.891705297678065],[-114.00721806158522,50.891165852884974],[-114.006872294129309,50.890554026311847],[-114.005800376466453,50.889465546348482],[-114.005549118496461,50.889118815048626],[-114.005349137869857,50.888960608517166],[-114.004844660174967,50.888821413446443],[-114.004464807309404,50.888608774342707],[-114.00415044594078,50.888329773728934],[-114.003789934418222,50.888108965680068],[-114.003208443861823,50.887956558458249],[-114.002848706719149,50.88780313829556],[-114.001912730883845,50.887599735320556],[-114.001285515201076,50.88753514674675],[-114.000877592323306,50.887523101118433],[-114.000314558271086,50.887418737759646],[-113.998855312374857,50.887221858452982],[-113.997376864499685,50.886868469093351],[-113.996710928981528,50.886740029701329],[-113.996519573213149,50.886672706946065],[-113.996084604478099,50.886394628447555],[-113.995703933991265,50.88608533677894],[-113.995127152242247,50.885344108608386],[-113.994589262383712,50.884406035292415],[-113.994416067424396,50.883980956287068],[-113.994232771436458,50.883196084209516],[-113.994252771392723,50.882834045436859],[-113.994379881932829,50.882544580148299],[-113.994211080815816,50.881572797929302],[-113.994217866917168,50.880677331603295],[-113.994254162253625,50.880149511891346],[-113.994388123822631,50.87948209168912],[-113.994432252746066,50.878573065077497],[-113.994344781486348,50.877912205112274],[-113.994311238636087,50.876851795499547],[-113.994202295748167,50.875837483957646],[-113.994074398667735,50.875558439294011],[-113.99401676050833,50.874610044002132],[-113.993836192683659,50.874010733289388],[-113.993304410965962,50.873073802653145],[-113.992465892163182,50.871778753422987],[-113.992335485963252,50.871498043878248],[-113.992305995228961,50.87134248189659],[-113.992413511698302,50.871238262543741],[-113.992634209819641,50.871204042943617],[-113.99290673932461,50.871206378975323],[-113.993032777758529,50.871111114873536],[-113.992904939585785,50.87083097869494],[-113.99267724246468,50.870609610756723],[-113.992404222341577,50.870243841594444],[-113.991802595124682,50.869720317147767],[-113.99103533572611,50.869296902754449],[-113.990663638582447,50.869169999902788],[-113.990537966881462,50.869066187094624],[-113.990038386147106,50.868472527275614],[-113.989825522104539,50.868056094609223],[-113.989049468063385,50.867263144599043],[-113.987753155403624,50.865692860416665],[-113.986744081865353,50.864097460602586],[-113.986491557149762,50.863523662424505],[-113.98647844722187,50.862985436529932],[-113.986439311777531,50.862863817222198],[-113.986183788923356,50.862466817429407],[-113.985863510030327,50.86175370155911],[-113.985010621418041,50.860275017868197],[-113.984496736924484,50.859513508711835],[-113.983769960080679,50.858855740846401],[-113.983190261739736,50.858489257181716],[-113.982240619508957,50.857998566505209],[-113.981153298473487,50.857593184461386],[-113.980290876446674,50.857202468012169],[-113.979893170769614,50.857086525428223],[-113.979385407369605,50.85686428663724],[-113.976450644255181,50.855426599988455],[-113.974097326738615,50.854496424256084],[-113.972938726255094,50.854102907001838],[-113.972162000766332,50.853962553195466],[-113.972095531325436,50.853880100273301]]]]}},
{"type":"Feature","properties":{"fid":62,"ed_num":14,"ed_name":"Calgary-Hays"},"geometry":{"type":"MultiPolygon","coordinates":[[[[-113.888965861888806,50.927883404329791],[-113.888870046020301,50.921606768836732],[-113.883068861396254,50.921606993030743],[-113.883015733302841,50.921560414075969],[-113.860114378855869,50.921554697694383],[-113.86009709234142,50.91419546454005],[-113.860023241706884,50.914195661134592],[-113.860000837526769,50.908478871478366],[-113.860125912188849,50.907178749711164],[-113.902264827851752,50.907087481670175],[-113.903920787201827,50.9070216880991],[-113.905998895686835,50.90698307383893],[-113.910685094922485,50.907038510598689],[-113.914287798784585,50.907048803406056],[-113.926991041390309,50.907003520470418],[-113.929182511143964,50.906927314272586],[-113.930418362172063,50.906835156979014],[-113.931562616802694,50.906835633339533],[-113.936207184551407,50.906586985386987],[-113.94010284105677,50.906127297318768],[-113.9434878200301,50.90560573728812],[-113.957131303178215,50.903277615348522],[-113.972928576260415,50.900466113293618],[-113.975304850566104,50.900082796784744],[-113.980673901934026,50.899153378678172],[-113.998538649964857,50.896023402712096],[-114.001667345871709,50.895515009680025],[-114.010331797205055,50.893983810968173],[-114.01052103939729,50.894587315382488],[-114.010641701895366,50.895262168967449],[-114.010630473446952,50.895957859376452],[-114.010470523013396,50.896871305078164],[-114.010337121558621,50.897324918512545],[-114.010052633921191,50.897966595064609],[-114.009986117581548,50.898302673310916],[-114.009797657674397,50.898788892974324],[-114.009590255770178,50.899106595695734],[-114.008727065244187,50.899679503394211],[-114.008492728882445,50.899874722309747],[-114.00641299285455,50.900523222352106],[-114.006105837634991,50.900695835498375],[-114.005752280091471,50.901108660731502],[-114.005573437147746,50.901691867659856],[-114.005558028572338,50.902010036915044],[-114.005682096044794,50.902802251208726],[-114.006355570014847,50.903707848543256],[-114.006602201061483,50.903837501102934],[-114.006941801048299,50.903895257563249],[-114.007351543221077,50.903920362016805],[-114.007638937765194,50.903897439422863],[-114.007836144427245,50.903803555700769],[-114.008100357887088,50.90377674991327],[-114.009192724508551,50.904393224964807],[-114.009845898063375,50.904820310840726],[-114.01069119263569,50.905488378941584],[-114.0109513481856,50.905376779339576],[-114.01103470310953,50.905468863486234],[-114.010897366345276,50.905606837493394],[-114.010875649285666,50.905747192873605],[-114.01115957481683,50.906515659153285],[-114.011247656748353,50.906939950550964],[-114.011255034829162,50.907395584096889],[-114.01113285045696,50.908081029587713],[-114.010875782027,50.908529740494131],[-114.010350412588153,50.909024294933538],[-114.010043726918511,50.909237339207976],[-114.009018549337753,50.909840531461548],[-114.008493921454928,50.910208350582955],[-114.008268921606799,50.91028351138204],[-114.008094166151579,50.910307246270968],[-114.007795997240535,50.910429955149077],[-114.007790075126096,50.910574213543015],[-114.007602803349386,50.910778646243273],[-114.007377403015681,50.91085111005183],[-114.007008674446979,50.910855527915999],[-114.006532621815964,50.910817204479613],[-114.006105390478112,50.910753093363759],[-114.005837571536929,50.910642466326088],[-114.005308409423193,50.910615181230092],[-114.004847848666898,50.910630761464581],[-114.003011737373498,50.910799550125098],[-114.002047369362984,50.910941411953587],[-114.001400903150326,50.911083191912063],[-114.000992432214943,50.911113493656707],[-113.999910321294664,50.911370569094011],[-113.998811131771021,50.911811356196097],[-113.99823055017977,50.912147465559222],[-113.998128162767543,50.912273994929883],[-113.99811570973236,50.912451718100172],[-113.99802031597433,50.912574589125349],[-113.996864261960425,50.913127963410822],[-113.996400177912108,50.913385349957892],[-113.995583859110283,50.913985964036044],[-113.995356786270619,50.914213724859465],[-113.994531532799854,50.914823409505331],[-113.993937014317183,50.915387615831889],[-113.99335657932852,50.916095716823357],[-113.990584282291621,50.915238791413188],[-113.990381478871356,50.915317551000356],[-113.990096325870425,50.915484585170518],[-113.989559061581332,50.915530785708135],[-113.988129950641778,50.916209121464441],[-113.98765749122947,50.916357576230851],[-113.987321003278254,50.916418219660414],[-113.986188060437883,50.916421097876245],[-113.985706426681787,50.916374538168554],[-113.98516099671977,50.916179108684489],[-113.98483748000335,50.915951707068928],[-113.984415309475906,50.915582487760446],[-113.983632786838342,50.91591870699758],[-113.982618448701444,50.916220237157653],[-113.981244543467369,50.916420619072682],[-113.978917932210209,50.916465650413734],[-113.975403965982736,50.916451225721715],[-113.975491686078442,50.931932744353261],[-113.968308290966974,50.931996295941552],[-113.964470405044963,50.93198055720859],[-113.962897550229329,50.931914775837896],[-113.961489813191392,50.931798628271281],[-113.958073168648866,50.931317342625327],[-113.956905624690748,50.931087801679148],[-113.956183831167777,50.930830566669194],[-113.955479202893216,50.930502179153052],[-113.955197759000299,50.93029149772854],[-113.954402558345834,50.929827196329136],[-113.953728159470899,50.929478695642459],[-113.952653857985922,50.929066093194166],[-113.951857357588096,50.928870492514548],[-113.951082154999582,50.928759090612765],[-113.950214152718843,50.928688087117969],[-113.948715346260201,50.92873218103616],[-113.946524936444476,50.928663772464937],[-113.938125296490654,50.928680143189865],[-113.935095881946722,50.928651436540441],[-113.911965919697096,50.92878319477132],[-113.901865020308719,50.928781897666646],[-113.900652422227068,50.928813197319087],[-113.89757492506466,50.928763696919958],[-113.8888414420543,50.928854300007778],[-113.88883782464157,50.927883359220772],[-113.888965861888806,50.927883404329791]]]]}},
{"type":"Feature","properties":{"fid":63,"ed_num":16,"ed_name":"Calgary-Lougheed"},"geometry":{"type":"MultiPolygon","coordinates":[[[[-114.093949964428177,50.888490825871322],[-114.094201139320887,50.888490744425233],[-114.094200321138885,50.888974173495981],[-114.094453521815396,50.891187343390058],[-114.095081044207021,50.891186928858673],[-114.095282875017304,50.891388557813357],[-114.112576070778658,50.891379057243462],[-114.115844831755766,50.889335245764585],[-114.116129144237178,50.889336224127987],[-114.114194113189257,50.884869757639251],[-114.123043695554657,50.884866207290465],[-114.123040383474006,50.888415070386436],[-114.14052143531525,50.888393838431668],[-114.14052122145128,50.89149657275896],[-114.140620275429612,50.891496699444779],[-114.14062025193563,50.891897555383181],[-114.140691298575575,50.891942557093401],[-114.144322833256922,50.891981663187565],[-114.159878407131046,50.892008344100525],[-114.15987819251113,50.892054269532068],[-114.167358109023155,50.892060971248497],[-114.167358739546131,50.892016038408372],[-114.186246401598396,50.892054156381299],[-114.186885957586654,50.891978553990633],[-114.209820400041863,50.891966756661262],[-114.209770499180379,50.921456607619241],[-114.141267769858359,50.921425708931558],[-114.141270496316295,50.928832298510848],[-114.141111962905953,50.928697799862938],[-114.140899101745433,50.928598641138493],[-114.140631852169008,50.928589532358593],[-114.140284067451063,50.928658380132362],[-114.140059813658624,50.928768602952275],[-114.139844143792928,50.928821760507809],[-114.139373034308562,50.929042036538249],[-114.13828031186921,50.929269624470756],[-114.13789223747608,50.929276279641719],[-114.137602829091335,50.929243197590196],[-114.137442697112803,50.929144422083688],[-114.137476985847329,50.928716220178217],[-114.136383174443921,50.928189224577146],[-114.13535779107039,50.927629400700035],[-114.135067013082832,50.927467765568082],[-114.134561485343767,50.927106972245902],[-114.134242221827691,50.926857051358823],[-114.133610426323997,50.925995450779794],[-114.133395819623686,50.925789150682462],[-114.133182943391418,50.925692357746023],[-114.132834237151854,50.925608836152826],[-114.132398434286941,50.925550850172144],[-114.131557840758177,50.925589823907302],[-114.130542824551057,50.925691760075473],[-114.130219639588702,50.925653647686843],[-114.129751981163835,50.925688245923709],[-114.129422320218637,50.925795281905835],[-114.129040856874269,50.926035504034438],[-114.128546952749417,50.926283852983389],[-114.127633617164363,50.926586469748287],[-114.126883603334363,50.927016458359233],[-114.126525381129412,50.927239906724338],[-114.124775525211717,50.928564532265746],[-114.124275885489936,50.928896408196593],[-114.12359309262979,50.929153117237689],[-114.123163190536488,50.929180832572186],[-114.12288868841047,50.928992786004486],[-114.122835943271383,50.92875705921805],[-114.122635534283077,50.928398506224639],[-114.122584777632099,50.928093445267365],[-114.122721465595319,50.927835018327862],[-114.123183259841269,50.927312439914047],[-114.123196520442988,50.927007859142492],[-114.123091647862424,50.926576235715579],[-114.122958990190241,50.92642051834666],[-114.122728244681483,50.926273585475066],[-114.122397575652812,50.926233015133],[-114.121986705872871,50.926251347502955],[-114.120722491916155,50.926456804290851],[-114.119232062882489,50.926916064406058],[-114.117817259671838,50.92729962683962],[-114.117089415440645,50.927423226762485],[-114.116231124548008,50.927481376875996],[-114.115693151926848,50.92744873861232],[-114.115062976505115,50.927313045550946],[-114.114634831539377,50.927159834468696],[-114.114523259381215,50.926975708277929],[-114.114107879173403,50.92683449883247],[-114.113375815719536,50.92670992455249],[-114.11280450500864,50.926648455951806],[-114.112393675110624,50.926664374291342],[-114.112154528623634,50.926762528309524],[-114.111659721971222,50.927232445592828],[-114.111397704033138,50.927344706757061],[-114.11116372434121,50.927369108439159],[-114.110889727459394,50.927319415151352],[-114.110733152102299,50.927234911724454],[-114.110660876798832,50.927074880288977],[-114.110683245876942,50.926889385829163],[-114.110640643912703,50.926753383231656],[-114.110406805473318,50.926573077674107],[-114.110334123629798,50.926434466124618],[-114.110188577679821,50.926364326941439],[-114.109936228158389,50.926364783303619],[-114.109622580855458,50.926419518468961],[-114.109155538090093,50.926420715623259],[-114.10880405067374,50.926484681614319],[-114.10858390812345,50.926573451643897],[-114.108392617034312,50.926729091807481],[-114.108286279278403,50.926868020308781],[-114.108300777776819,50.927011901412975],[-114.108354664553744,50.927138215574374],[-114.108465681636062,50.927241417021555],[-114.108752281763159,50.927419748910005],[-114.108950688616389,50.927483152042285],[-114.109240641533617,50.927880496924963],[-114.109639856607586,50.928276294966231],[-114.109742210987221,50.928438936892384],[-114.109723734374157,50.928814884839831],[-114.109515418633677,50.929072749443755],[-114.10926477468783,50.929180331769651],[-114.109134767938031,50.929479259237894],[-114.109226053207578,50.929629915709285],[-114.10967688359419,50.929847017919158],[-114.110096537010932,50.930003123241526],[-114.110207564729009,50.930106322976286],[-114.110189365696598,50.930270425852051],[-114.110056914251857,50.930500305994308],[-114.109810977744701,50.930755504715684],[-114.108953146940522,50.931296430517726],[-114.107211837976649,50.931747286315186],[-114.106880852920298,50.931918516818129],[-114.106634845805715,50.932176088731687],[-114.106561626877252,50.932458784659339],[-114.106382176983985,50.932583944929455],[-114.10607056953495,50.932712158375182],[-114.105706430178586,50.93283997302597],[-114.104647378880685,50.933099592691725],[-114.104492140418103,50.933111461948045],[-114.103193762504219,50.932918648422628],[-114.102821416839859,50.932935377734132],[-114.102727042341783,50.933006484342933],[-114.102735490363571,50.93310450245351],[-114.102968740460028,50.933334852283025],[-114.104399742322911,50.934155584938267],[-114.104621795754028,50.934431556903817],[-114.104755294268983,50.935013768384962],[-114.104660165918716,50.935124051827216],[-114.104472291197908,50.935220563554772],[-114.104057718261274,50.935282684413338],[-114.10265117658416,50.93533718101974],[-114.101722842908487,50.93524514849193],[-114.101074133562832,50.93512261082487],[-114.100139507145684,50.934821550385237],[-114.099655753775437,50.934719867333158],[-114.098676531214096,50.934588237753232],[-114.097968242084136,50.934341149327686],[-114.097579768185952,50.934122650408028],[-114.097233133421256,50.933878353556516],[-114.097081431364202,50.933707395442291],[-114.095773421073901,50.93294629841207],[-114.095355617719591,50.932642671650356],[-114.095031192354838,50.932320177611267],[-114.094642649529419,50.932109298930754],[-114.094465652858958,50.932041261709486],[-114.093774993758416,50.931929674349959],[-114.092856507120274,50.931885950525988],[-114.092185108597135,50.931933097820732],[-114.091563839788961,50.932113928788638],[-114.091176664451012,50.932357968419659],[-114.090612833018227,50.932977718865757],[-114.090162747519756,50.933264610923402],[-114.089518853745588,50.933445255663521],[-114.089058343238705,50.933494031258618],[-114.088591508442804,50.933480866581647],[-114.087460221730666,50.933543440187428],[-114.087128974865948,50.93353133010411],[-114.086920664042083,50.933445456114775],[-114.086809627746391,50.933285744134444],[-114.086959005866206,50.932977768858571],[-114.086974183739343,50.932587517141116],[-114.087132754967257,50.932184103818699],[-114.087123190267292,50.931903152368129],[-114.087287053832739,50.93161403578231],[-114.087368434080389,50.931305231542389],[-114.087416437625876,50.930777177922316],[-114.087303565958322,50.930385924248789],[-114.087085059264936,50.930003366334027],[-114.086770718118487,50.929667460610148],[-114.086441059575989,50.929422293631319],[-114.085679898016011,50.929054528277064],[-114.085469659353393,50.929019557047738],[-114.085198512975282,50.929017432827365],[-114.084647063724077,50.929197934478296],[-114.084181389344181,50.929409351547861],[-114.083876464701831,50.929592623373544],[-114.08322710987828,50.929863666809673],[-114.082732118308002,50.929940686143226],[-114.082332923031359,50.929937549493282],[-114.082032581158558,50.929887582198432],[-114.081494405235318,50.929673882160607],[-114.081122499191594,50.929432925381235],[-114.081089873801943,50.929217853306255],[-114.080948021157312,50.929112589501038],[-114.080537149652841,50.928937972453483],[-114.080183514542384,50.92892441661354],[-114.079439478277152,50.92882935046952],[-114.079120979502349,50.928936332939109],[-114.078156535469674,50.929709465911735],[-114.077905816580852,50.929816981106072],[-114.077398913965652,50.929927231857228],[-114.077135767153493,50.929901349524314],[-114.076547152963769,50.929572972958091],[-114.07638277107263,50.929505023479784],[-114.076097314609456,50.929464680443665],[-114.075096043954915,50.929432949757839],[-114.074068586293407,50.929581908673434],[-114.073790661895416,50.929541619012234],[-114.072920463254505,50.929358570220408],[-114.072800804943824,50.929314774545723],[-114.072579015679295,50.929103545160068],[-114.072443013173498,50.929038635058731],[-114.072237138004937,50.928993637513919],[-114.071821061209533,50.928961772643156],[-114.071255307500834,50.928997812339368],[-114.070173416741056,50.929231994542633],[-114.06973339460086,50.929273262640244],[-114.07036716930287,50.927992511088149],[-114.071190404307501,50.926137743358069],[-114.071589983087264,50.924841175773565],[-114.071804930698988,50.923881235403123],[-114.071962273702169,50.922787538697214],[-114.07191083464069,50.921587448868181],[-114.071614445660018,50.920585357826788],[-114.070835290137381,50.918865327740157],[-114.070050119555731,50.917449924808118],[-114.067495327050793,50.913392515979211],[-114.069208816621781,50.912961043176345],[-114.069948742274264,50.912842598975189],[-114.071155711948322,50.912727867044417],[-114.072138661970428,50.91275122602444],[-114.076409074288748,50.913127027542302],[-114.07748698098348,50.913322062666275],[-114.079173923023518,50.91380166035254],[-114.080055812585869,50.913964038908048],[-114.080399351278814,50.913997831044284],[-114.083176832229938,50.914035219813016],[-114.089102366636453,50.914019435668507],[-114.10011642523942,50.914042687217268],[-114.100091837336592,50.91021900758669],[-114.099978527851633,50.909720769851695],[-114.099860724070581,50.90945563585651],[-114.09926482675192,50.908487395860291],[-114.099007056425862,50.907832615032071],[-114.099014907109805,50.904879572608593],[-114.098928598470735,50.904257200970264],[-114.098696333465668,50.903555987976581],[-114.098554876353177,50.903244042854503],[-114.097786449503374,50.90230554659577],[-114.095462081118484,50.900484608150023],[-114.094906796741526,50.899967395658983],[-114.094497768361464,50.89951348436486],[-114.093948239145661,50.898700998900885],[-114.093734615624086,50.898310772658206],[-114.093382910799647,50.897437649481354],[-114.093228707722005,50.896519430646556],[-114.093287514110187,50.896022520173922],[-114.093416112924814,50.895728207459008],[-114.093898679294938,50.894923733680976],[-114.093928680578941,50.894644197235039],[-114.093949964428177,50.888490825871322]]]]}},
{"type":"Feature","properties":{"fid":64,"ed_num":11,"ed_name":"Calgary-Fish Creek"},"geometry":{"type":"MultiPolygon","coordinates":[[[[-114.071092453151294,50.950466273132157],[-114.068793486588433,50.950470626732539],[-114.066812379452244,50.950432117284812],[-114.065618280563328,50.950359637139037],[-114.064690874439222,50.950236835361835],[-114.062888412897365,50.94986576239387],[-114.057466933315155,50.948636882870147],[-114.056292471816349,50.948417618222493],[-114.055116106219472,50.948292726960055],[-114.054386283290185,50.948255352389488],[-114.03622182556866,50.948232717655962],[-114.034229236432324,50.948237233658737],[-114.033016253636788,50.948279640643975],[-114.031717214769344,50.94846816694421],[-114.030282299211791,50.948802396200094],[-114.028843648071017,50.94931488849253],[-114.027518331817518,50.949964664618186],[-114.026722237898454,50.950504177024946],[-114.025844932733079,50.951377216117514],[-114.025487511327157,50.951793792976957],[-114.025209238568948,50.952202610536169],[-114.025049041294409,50.952586563703335],[-114.025014974900174,50.953373872455835],[-114.024055453007833,50.953067949059474],[-114.02312540873821,50.952846627674134],[-114.022134828770277,50.952667499807276],[-114.02080476075048,50.952500647896649],[-114.020813088047305,50.952163172061333],[-114.02087384961321,50.951998371537691],[-114.02094174630038,50.951435970708616],[-114.021150811325754,50.950962292713392],[-114.021529710127126,50.950312336891315],[-114.022021110281045,50.949254439103854],[-114.022020975577959,50.949068393895843],[-114.021595348560012,50.948608998764328],[-114.021137980267042,50.948000823343477],[-114.020471630536861,50.947291699000878],[-114.020206275299387,50.947064510588554],[-114.01957044900756,50.946628379425107],[-114.018726738215904,50.945976790625608],[-114.01803919496723,50.945381969823075],[-114.017094173981661,50.944724588231281],[-114.015855168222089,50.943985026256442],[-114.015174228252093,50.943463057679253],[-114.013678169277952,50.942175482236557],[-114.01349467878228,50.941982076235099],[-114.013503639829707,50.941926965815014],[-114.013116474018418,50.94165710103281],[-114.012432462095148,50.941063558836156],[-114.011719172557662,50.94078653863361],[-114.01121783772696,50.940498409053404],[-114.009223377317738,50.939096608195221],[-114.008942164066212,50.93894055038021],[-114.008329678989682,50.93869698804771],[-114.006020414072452,50.938084431444892],[-114.004943514703598,50.937924850847402],[-114.00281562673068,50.937735623789251],[-114.001986546573463,50.9376168106525],[-114.001526194114319,50.937521559131611],[-113.999687252040729,50.936774766609958],[-113.997834877999836,50.935871000912556],[-113.997074409696197,50.935367059803227],[-113.996973372344627,50.9351874086233],[-113.997397324450873,50.935283446772338],[-113.996367613214346,50.934830150096722],[-113.99590642691561,50.9345612795073],[-113.995782704828002,50.93445320872398],[-113.995687176516455,50.93433545357194],[-113.995692305261699,50.934163498438885],[-113.99623748224279,50.933951124460407],[-113.996803293032571,50.933809518866084],[-113.996231044078414,50.933826660380994],[-113.995116262402533,50.934058382903665],[-113.994598962040328,50.934030428443137],[-113.99420111734868,50.933902401762701],[-113.9935473605547,50.933746983389256],[-113.99257379665849,50.933425015013754],[-113.992168028703887,50.933136780321647],[-113.991966997980626,50.932890785895275],[-113.991749656792848,50.932289239637463],[-113.99158473300497,50.930892357924193],[-113.991717905749951,50.930036442309842],[-113.991835021912124,50.929766898447475],[-113.9921882137333,50.929260992829938],[-113.992410729589807,50.929040152417365],[-113.992688612046848,50.928307031499621],[-113.992705836674816,50.927954030175258],[-113.992654728783364,50.927801409728872],[-113.991922735060143,50.926946395428651],[-113.99079823667229,50.925807528838199],[-113.990463622541682,50.925270401994624],[-113.990122764150385,50.925116838987776],[-113.990024783351345,50.924994469469539],[-113.99001064867609,50.924904876833885],[-113.988883862451175,50.924051229316525],[-113.98866289458546,50.923828770125006],[-113.988497106617942,50.923569111159431],[-113.988431191725226,50.923428872630865],[-113.988467276271834,50.922927851387364],[-113.989015616301856,50.921248681623261],[-113.989740800671768,50.919922081566177],[-113.990222189196672,50.919270196790855],[-113.990874009783923,50.918927443148192],[-113.991552346659759,50.918213733770834],[-113.992181536131611,50.917367526861227],[-113.992365007598764,50.917301307469941],[-113.992443478998297,50.917385450045174],[-113.992409457317166,50.917731572970752],[-113.99245014148191,50.91776899969841],[-113.992613315656612,50.91750561863482],[-113.99284350371768,50.917286540429942],[-113.993080356621675,50.916884785422951],[-113.993342527316159,50.916115616531904],[-113.993937014317183,50.915387615831889],[-113.994531532799854,50.914823409505331],[-113.996400177912108,50.913385349957892],[-113.996864261960425,50.913127963410822],[-113.99802031597433,50.912574589125349],[-113.99811570973236,50.912451718100172],[-113.998128162767543,50.912273994929883],[-113.99823055017977,50.912147465559222],[-113.998679079897798,50.911868627287753],[-113.999910321294664,50.911370569094011],[-114.000992432214943,50.911113493656707],[-114.001400903150326,50.911083191912063],[-114.002047369362984,50.910941411953587],[-114.003011737373498,50.910799550125098],[-114.004847848666898,50.910630761464581],[-114.005308409423193,50.910615181230092],[-114.005837571536929,50.910642466326088],[-114.006105390478112,50.910753093363759],[-114.006532621815964,50.910817204479613],[-114.007008674446979,50.910855527915999],[-114.007377403015681,50.91085111005183],[-114.007602803349386,50.910778646243273],[-114.007790075126096,50.910574213543015],[-114.007795997240535,50.910429955149077],[-114.008094166151579,50.910307246270968],[-114.008268921606799,50.91028351138204],[-114.008493921454928,50.910208350582955],[-114.009018549337753,50.909840531461548],[-114.010043726918511,50.909237339207976],[-114.010350412588153,50.909024294933538],[-114.010875782027,50.908529740494131],[-114.01113285045696,50.908081029587713],[-114.011255034829162,50.907395584096889],[-114.011247656748353,50.906939950550964],[-114.01115957481683,50.906515659153285],[-114.010875649285666,50.905747192873605],[-114.010897366345276,50.905606837493394],[-114.01103470310953,50.905468863486234],[-114.0109513481856,50.905376779339576],[-114.01069119263569,50.905488378941584],[-114.009845898063375,50.904820310840726],[-114.009192724508551,50.904393224964807],[-114.008100357887088,50.90377674991327],[-114.007836144427245,50.903803555700769],[-114.007638937765194,50.903897439422863],[-114.007351543221077,50.903920362016805],[-114.006941801048299,50.903895257563249],[-114.006602201061483,50.903837501102934],[-114.006355570014847,50.903707848543256],[-114.005682096044794,50.902802251208726],[-114.005558028572338,50.902010036915044],[-114.005573437147746,50.901691867659856],[-114.005752280091471,50.901108660731502],[-114.006105837634991,50.900695835498375],[-114.00641299285455,50.900523222352106],[-114.008492728882445,50.899874722309747],[-114.008727065244187,50.899679503394211],[-114.009590255770178,50.899106595695734],[-114.009797657674397,50.898788892974324],[-114.009986117581548,50.898302673310916],[-114.010052633921191,50.897966595064609],[-114.010337121558621,50.897324918512545],[-114.010470523013396,50.896871305078164],[-114.010630473446952,50.895957859376452],[-114.010641701895366,50.895262168967449],[-114.01052103939729,50.894587315382488],[-114.010331797205055,50.893983810968173],[-114.013596982334832,50.89346146801951],[-114.016221017921723,50.893127451189315],[-114.01728351826425,50.893010696166812],[-114.020400791138258,50.892848338371472],[-114.029280087312301,50.892775862883326],[-114.03872068478023,50.89279114461749],[-114.044834487928043,50.892616580547752],[-114.054391811475512,50.892606801623181],[-114.057557544174998,50.897612065984383],[-114.058971474392095,50.899918115714904],[-114.062288549088777,50.905113131871019],[-114.065347897330142,50.910071449506304],[-114.067541455191133,50.913463199190126],[-114.070050119555731,50.917449924808118],[-114.070835290137381,50.918865327740157],[-114.071614445660018,50.920585357826788],[-114.07191083464069,50.921587448868181],[-114.071962273702169,50.922787538697214],[-114.071737670941857,50.924232987914358],[-114.071476775395894,50.925230647490999],[-114.071190404307501,50.926137743358069],[-114.070698109917103,50.92726200641134],[-114.068724968185535,50.931461727462285],[-114.068356540990791,50.933039869233639],[-114.068357560288689,50.934238598382052],[-114.068425162678437,50.934846657620319],[-114.069360372482933,50.93953140022785],[-114.070219422388021,50.943379393947161],[-114.070564632415071,50.945481445817414],[-114.071092453151294,50.950466273132157]]]]}},
{"type":"Feature","properties":{"fid":65,"ed_num":13,"ed_name":"Calgary-Glenmore"},"geometry":{"type":"MultiPolygon","coordinates":[[[[-114.141270496316295,50.928832298510848],[-114.141287900122521,50.979658423191559],[-114.153290200302493,50.984388007420087],[-114.164213553332914,50.984777371416556],[-114.164220531848642,50.996777710599595],[-114.158805162961769,50.998322112796188],[-114.1572411021899,50.998216554007527],[-114.155858386513842,50.997753808215812],[-114.151511966146145,50.997268966596607],[-114.142988839650172,50.994105427487796],[-114.141296135726847,50.994101696769661],[-114.141295019028533,51.008606742378447],[-114.138468181166587,51.008598463166727],[-114.138055422169387,51.008476404154941],[-114.137419411266364,51.008186075384835],[-114.136804259135076,51.007788785313991],[-114.130847720782739,51.002496100549415],[-114.130195645476078,51.002062796347751],[-114.129429090941883,51.001700043658907],[-114.128585105368657,51.001443821253318],[-114.12751370515096,51.001245401519299],[-114.127004957401169,51.001217798203122],[-114.122535584605842,51.001172414791576],[-114.121294483513822,51.000972665077967],[-114.117994875041731,51.000295343935129],[-114.117946608396906,50.994125682673797],[-114.114577538727332,50.994125563274615],[-114.114421134688286,50.994035182262429],[-114.113548664863586,50.994035206094793],[-114.11341749959864,50.994125632455869],[-114.109169300388146,50.994125764836042],[-114.109179476098291,50.99845870558822],[-114.105871071912532,50.997749353032354],[-114.104483173386356,50.99734597342885],[-114.103227528579367,50.996931690532783],[-114.098383187664339,50.994847347453423],[-114.097122659815852,50.994457774666287],[-114.096526350524798,50.994321236358381],[-114.095176870488217,50.994136746159107],[-114.09372545542017,50.994112285459487],[-114.090244521478638,50.994331677496575],[-114.086557223850548,50.994387052730659],[-114.083182049555646,50.994397785922239],[-114.083127830524944,50.986030706016493],[-114.08316961214318,50.98377400186618],[-114.083160039464744,50.97960910357461],[-114.087208850499877,50.979575314369818],[-114.091696365201315,50.979588227685134],[-114.094889719982618,50.979564924814326],[-114.094917254675465,50.97815619563633],[-114.095120313451957,50.976458039952604],[-114.095309768452481,50.963792033466866],[-114.095287864545995,50.962002668613302],[-114.09524094053441,50.961501330254841],[-114.094847674833275,50.95987011440053],[-114.094826649662892,50.959494220843879],[-114.094793132313896,50.950502197870456],[-114.094832410232925,50.948991681074666],[-114.094751439069213,50.948235988676785],[-114.094805440113618,50.947598685184403],[-114.094801953596871,50.943316961433538],[-114.094772054575117,50.942884460157956],[-114.09440735971009,50.941427152706524],[-114.094416569494754,50.940804332870393],[-114.094487609695605,50.9404529382482],[-114.094486184243749,50.937387842835328],[-114.094769532379729,50.937387816455214],[-114.09479570484956,50.932207337758584],[-114.095031192354838,50.932320177611267],[-114.095355617719591,50.932642671650356],[-114.095773421073901,50.93294629841207],[-114.097081431364202,50.933707395442291],[-114.097233133421256,50.933878353556516],[-114.097579768185952,50.934122650408028],[-114.097968242084136,50.934341149327686],[-114.098676531214096,50.934588237753232],[-114.099655753775437,50.934719867333158],[-114.100139507145684,50.934821550385237],[-114.10077598867872,50.935041951973652],[-114.101382737358989,50.935196818941918],[-114.102073409824825,50.935287027034256],[-114.10265117658416,50.93533718101974],[-114.104057718261274,50.935282684413338],[-114.104472291197908,50.935220563554772],[-114.104660165918716,50.935124051827216],[-114.104755294268983,50.935013768384962],[-114.104660744664713,50.934555929774291],[-114.104551723293511,50.934313475760575],[-114.104399742322911,50.934155584938267],[-114.104195597423697,50.934023414702317],[-114.103786181317403,50.933817836324373],[-114.102968740460028,50.933334852283025],[-114.102735490363571,50.93310450245351],[-114.102727042341783,50.933006484342933],[-114.102821416839859,50.932935377734132],[-114.103193762504219,50.932918648422628],[-114.104492140418103,50.933111461948045],[-114.104948149372461,50.933043127476225],[-114.105706430178586,50.93283997302597],[-114.106382176983985,50.932583944929455],[-114.106561626877252,50.932458784659339],[-114.106634845805715,50.932176088731687],[-114.106880852920298,50.931918516818129],[-114.107211837976649,50.931747286315186],[-114.108953146940522,50.931296430517726],[-114.109810977744701,50.930755504715684],[-114.110056914251857,50.930500305994308],[-114.110189365696598,50.930270425852051],[-114.110207564729009,50.930106322976286],[-114.110096537010932,50.930003123241526],[-114.10967688359419,50.929847017919158],[-114.109226053207578,50.929629915709285],[-114.109134767938031,50.929479259237894],[-114.10926477468783,50.929180331769651],[-114.109515418633677,50.929072749443755],[-114.109723734374157,50.928814884839831],[-114.109742210987221,50.928438936892384],[-114.109639856607586,50.928276294966231],[-114.109240641533617,50.927880496924963],[-114.108950688616389,50.927483152042285],[-114.108752281763159,50.927419748910005],[-114.108354664553744,50.927138215574374],[-114.108286279278403,50.926868020308781],[-114.108392617034312,50.926729091807481],[-114.10858390812345,50.926573451643897],[-114.10880405067374,50.926484681614319],[-114.109155538090093,50.926420715623259],[-114.109622580855458,50.926419518468961],[-114.109936228158389,50.926364783303619],[-114.110188577679821,50.926364326941439],[-114.110334123629798,50.926434466124618],[-114.110406805473318,50.926573077674107],[-114.110640643912703,50.926753383231656],[-114.110683245876942,50.926889385829163],[-114.110660876798832,50.927074880288977],[-114.110733152102299,50.927234911724454],[-114.110889727459394,50.927319415151352],[-114.11116372434121,50.927369108439159],[-114.111397704033138,50.927344706757061],[-114.111659721971222,50.927232445592828],[-114.112154528623634,50.926762528309524],[-114.112393675110624,50.926664374291342],[-114.11280450500864,50.926648455951806],[-114.113375815719536,50.92670992455249],[-114.114107879173403,50.92683449883247],[-114.114523259381215,50.926975708277929],[-114.114634831539377,50.927159834468696],[-114.115062976505115,50.927313045550946],[-114.115693151926848,50.92744873861232],[-114.116231124548008,50.927481376875996],[-114.117089415440645,50.927423226762485],[-114.117817259671838,50.92729962683962],[-114.119232062882489,50.926916064406058],[-114.120722491916155,50.926456804290851],[-114.121986705872871,50.926251347502955],[-114.122397575652812,50.926233015133],[-114.122728244681483,50.926273585475066],[-114.122958990190241,50.92642051834666],[-114.123091647862424,50.926576235715579],[-114.123196520442988,50.927007859142492],[-114.123183259841269,50.927312439914047],[-114.122721465595319,50.927835018327862],[-114.122584777632099,50.928093445267365],[-114.122635534283077,50.928398506224639],[-114.122835943271383,50.92875705921805],[-114.12288868841047,50.928992786004486],[-114.123163190536488,50.929180832572186],[-114.12359309262979,50.929153117237689],[-114.124275885489936,50.928896408196593],[-114.124775525211717,50.928564532265746],[-114.126525381129412,50.927239906724338],[-114.126883603334363,50.927016458359233],[-114.127633617164363,50.926586469748287],[-114.128546952749417,50.926283852983389],[-114.129040856874269,50.926035504034438],[-114.129422320218637,50.925795281905835],[-114.129751981163835,50.925688245923709],[-114.130219639588702,50.925653647686843],[-114.130542824551057,50.925691760075473],[-114.131557840758177,50.925589823907302],[-114.132398434286941,50.925550850172144],[-114.132834237151854,50.925608836152826],[-114.133182943391418,50.925692357746023],[-114.133395819623686,50.925789150682462],[-114.133610426323997,50.925995450779794],[-114.134242221827691,50.926857051358823],[-114.134561485343767,50.927106972245902],[-114.135067013082832,50.927467765568082],[-114.13535779107039,50.927629400700035],[-114.136383174443921,50.928189224577146],[-114.137476985847329,50.928716220178217],[-114.137442697112803,50.929144422083688],[-114.137602829091335,50.929243197590196],[-114.13789223747608,50.929276279641719],[-114.13828031186921,50.929269624470756],[-114.139373034308562,50.929042036538249],[-114.139844143792928,50.928821760507809],[-114.140059813658624,50.928768602952275],[-114.140284067451063,50.928658380132362],[-114.140631852169008,50.928589532358593],[-114.140899101745433,50.928598641138493],[-114.141111962905953,50.928697799862938],[-114.141270496316295,50.928832298510848]]]]}},
{"type":"Feature","properties":{"fid":66,"ed_num":9,"ed_name":"Calgary-Elbow"},"geometry":{"type":"MultiPolygon","coordinates":[[[[-114.138468181166587,51.008598463166727],[-114.163540685760651,51.008637294537188],[-114.163529390608304,51.009401864381111],[-114.162953268575336,51.009735653327994],[-114.163781546918372,51.010332639992605],[-114.164226042661625,51.010792833015799],[-114.164517245233483,51.011385223521081],[-114.164596156694884,51.012033221903152],[-114.16461683236281,51.014242263058037],[-114.165094384176754,51.016226061774702],[-114.165230262472761,51.017064889279546],[-114.165266247610631,51.018033543243376],[-114.164316021683149,51.018003400628238],[-114.163710395226474,51.017941267864423],[-114.162381989603929,51.01786281054855],[-114.161051931469714,51.017876247680292],[-114.160267679159773,51.017928065804554],[-114.154335285542714,51.018586183229239],[-114.153713899800564,51.018696586325255],[-114.152305092840734,51.019031081482147],[-114.14529636182138,51.021094643970109],[-114.141184047789039,51.022454396694272],[-114.14122553588021,51.012491724125837],[-114.14097532506176,51.012459816327194],[-114.138787026587394,51.012478648411808],[-114.138783100158236,51.01318911714408],[-114.138739940129796,51.013492223685795],[-114.138607239875043,51.013794824829539],[-114.138420841107461,51.014042125412999],[-114.136727042952657,51.015844528212007],[-114.135310994335342,51.017211732214754],[-114.130612758165157,51.015505012733691],[-114.130751055303861,51.015362294050199],[-114.122553244842479,51.012389090457525],[-114.121676902856507,51.011951526677031],[-114.121867750794493,51.011800667811151],[-114.118474739690456,51.010094323717595],[-114.117953884369513,51.010095150033479],[-114.117949223927909,51.011395526827002],[-114.118074122220534,51.014466072688094],[-114.117929601068113,51.017947169071682],[-114.117919958699957,51.02397079259022],[-114.109482031243601,51.02400613969435],[-114.109466329651909,51.030446053312545],[-114.099622920428601,51.030462845723086],[-114.097156722033873,51.030437544621108],[-114.09471572330439,51.030466744197717],[-114.094726022726533,51.037824761176694],[-114.089263016779753,51.037805658594323],[-114.08428160902325,51.037843356507693],[-114.083826908150613,51.037813955068145],[-114.081799704774696,51.037835254684239],[-114.07830539906476,51.037819851861272],[-114.078314903431945,51.035175645174014],[-114.077159500434746,51.035173644223725],[-114.076820401804198,51.035120243409402],[-114.075754398666618,51.034832641602797],[-114.075773101148314,51.032269635243871],[-114.075405500886035,51.03176563388233],[-114.074326701089959,51.031001031115373],[-114.07426060096806,51.030918430449127],[-114.074238301148156,51.030594030089667],[-114.073326200459562,51.030580229232932],[-114.0732957997688,51.029046964081189],[-114.072554021905887,51.029199002872296],[-114.071513339082117,51.029264008622697],[-114.070630984041273,51.029240885161421],[-114.069276595913252,51.029143446064168],[-114.068441099851512,51.029146167674327],[-114.067945519152616,51.029075993717534],[-114.06668372521392,51.028725998664903],[-114.065204420757212,51.02849617208409],[-114.064653445830501,51.02847344919801],[-114.064197194336842,51.028541506744212],[-114.063844458368663,51.028697900894642],[-114.063272108490125,51.029274811041574],[-114.063134522694625,51.029571882936054],[-114.063087625126144,51.029915747487792],[-114.063118103827492,51.03010468336312],[-114.063590621570881,51.030900613921894],[-114.064034241470338,51.032230519476997],[-114.064247570084532,51.032635314278664],[-114.064442764774498,51.032874417787212],[-114.06469279078128,51.033083354404759],[-114.064995256120056,51.03326855500007],[-114.065094624481205,51.03338819321786],[-114.065271482183476,51.033461581357024],[-114.066650374005917,51.033555524504258],[-114.067044077253939,51.033686840952178],[-114.067276618765618,51.033899492811734],[-114.067329857141786,51.034046319328759],[-114.067311929161562,51.034213565296],[-114.067162559968679,51.034497772076129],[-114.066662411122181,51.034935237297113],[-114.066383222243118,51.035128101888695],[-114.065746872273763,51.035465849929622],[-114.065206459181255,51.035659991869416],[-114.064039185382285,51.035813268599981],[-114.063282506466223,51.035868829762883],[-114.062467112156327,51.035876499862574],[-114.061901717660632,51.035850569650584],[-114.061494839736227,51.035760324198897],[-114.061055930048141,51.035707124045281],[-114.060576973554333,51.03555534257292],[-114.060434095897463,51.035464625605073],[-114.059775574166153,51.034633798230828],[-114.059278436880206,51.034258873561832],[-114.059513094897781,51.033588226929439],[-114.059647013030229,51.033585220402649],[-114.059707521000803,51.03055288832924],[-114.05969706973211,51.028707634876319],[-114.059354294508026,51.027615765177011],[-114.059015475992069,51.025128023112266],[-114.05904631591838,51.024806139118617],[-114.05936794223868,51.023336127036025],[-114.061922694968061,51.019675159237856],[-114.063948526742763,51.016899595113514],[-114.064402577789053,51.016049380559487],[-114.065829176427911,51.012864988845536],[-114.067808619827318,51.008728016554699],[-114.069842270289371,51.005603440083199],[-114.071331439509194,51.003142216630188],[-114.071580436909201,51.002495154711269],[-114.07161117340587,51.002173264410864],[-114.071531953273009,50.997616747962724],[-114.071551497631972,50.994235604040888],[-114.079893899521309,50.994394795406571],[-114.086557223850548,50.994387052730659],[-114.090244521478638,50.994331677496575],[-114.09372545542017,50.994112285459487],[-114.095176870488217,50.994136746159107],[-114.096526350524798,50.994321236358381],[-114.097122659815852,50.994457774666287],[-114.098008599029242,50.99471353928152],[-114.09966382161771,50.995384474146618],[-114.103227528579367,50.996931690532783],[-114.104483173386356,50.99734597342885],[-114.105871071912532,50.997749353032354],[-114.109179476098291,50.99845870558822],[-114.109169300388146,50.994125764836042],[-114.11341749959864,50.994125632455869],[-114.113548664863586,50.994035206094793],[-114.114421134688286,50.994035182262429],[-114.114577538727332,50.994125563274615],[-114.117946608396906,50.994125682673797],[-114.117994875041731,51.000295343935129],[-114.121294483513822,51.000972665077967],[-114.122535584605842,51.001172414791576],[-114.127004957401169,51.001217798203122],[-114.12751370515096,51.001245401519299],[-114.128585105368657,51.001443821253318],[-114.129429090941883,51.001700043658907],[-114.130195645476078,51.002062796347751],[-114.130847720782739,51.002496100549415],[-114.136804259135076,51.007788785313991],[-114.137419411266364,51.008186075384835],[-114.138055422169387,51.008476404154941],[-114.138468181166587,51.008598463166727]]]]}},
{"type":"Feature","properties":{"fid":67,"ed_num":1,"ed_name":"Calgary-Acadia"},"geometry":{"type":"MultiPolygon","coordinates":[[[[-114.024388267404476,50.95918132598247],[-114.02437844770327,50.958951692087815],[-114.024061256309054,50.95820981245766],[-114.023983224140437,50.957900978678772],[-114.023941721454179,50.957158532298585],[-114.023877335288731,50.956880944665627],[-114.022661025631052,50.955191157891818],[-114.02218991620056,50.954688369752759],[-114.021924051630918,50.954573455103642],[-114.021786407890986,50.954321487836189],[-114.021459884397245,50.953977687740448],[-114.021113279421812,50.953423969310002],[-114.020989118336416,50.953141246236008],[-114.02080476075048,50.952500647896649],[-114.022134828770277,50.952667499807276],[-114.02312540873821,50.952846627674134],[-114.024055453007833,50.953067949059474],[-114.025014974900174,50.953373872455835],[-114.025049041294409,50.952586563703335],[-114.025209238568948,50.952202610536169],[-114.025487511327157,50.951793792976957],[-114.025844932733079,50.951377216117514],[-114.026844269667279,50.950412561045546],[-114.027518331817518,50.949964664618186],[-114.028843648071017,50.94931488849253],[-114.030282299211791,50.948802396200094],[-114.031717214769344,50.94846816694421],[-114.033016253636788,50.948279640643975],[-114.034229236432324,50.948237233658737],[-114.054386283290185,50.948255352389488],[-114.055116106219472,50.948292726960055],[-114.056706235089422,50.948483895062822],[-114.060236695368133,50.94924657581457],[-114.062888412897365,50.94986576239387],[-114.064690874439222,50.950236835361835],[-114.065022075817353,50.95028144307507],[-114.065618280563328,50.950359637139037],[-114.066812379452244,50.950432117284812],[-114.068793486588433,50.950470626732539],[-114.071092453151294,50.950466273132157],[-114.070686944972834,50.94646079435806],[-114.070219422388021,50.943379393947161],[-114.069349140256676,50.939476590787564],[-114.068425162678437,50.934846657620319],[-114.068357560288689,50.934238598382052],[-114.068356540990791,50.933039869233639],[-114.068724968185535,50.931461727462285],[-114.06973339460086,50.929273262640244],[-114.070173416741056,50.929231994542633],[-114.071255307500834,50.928997812339368],[-114.071821061209533,50.928961772643156],[-114.072237138004937,50.928993637513919],[-114.072443013173498,50.929038635058731],[-114.072579015679295,50.929103545160068],[-114.072800804943824,50.929314774545723],[-114.072920463254505,50.929358570220408],[-114.073790661895416,50.929541619012234],[-114.074068586293407,50.929581908673434],[-114.075096043954915,50.929432949757839],[-114.076097314609456,50.929464680443665],[-114.07638277107263,50.929505023479784],[-114.076547152963769,50.929572972958091],[-114.077135767153493,50.929901349524314],[-114.077398913965652,50.929927231857228],[-114.077905816580852,50.929816981106072],[-114.078156535469674,50.929709465911735],[-114.079120979502349,50.928936332939109],[-114.079439478277152,50.92882935046952],[-114.080183514542384,50.92892441661354],[-114.080537149652841,50.928937972453483],[-114.080948021157312,50.929112589501038],[-114.081089873801943,50.929217853306255],[-114.081122499191594,50.929432925381235],[-114.081494405235318,50.929673882160607],[-114.082032581158558,50.929887582198432],[-114.082332923031359,50.929937549493282],[-114.082732118308002,50.929940686143226],[-114.08322710987828,50.929863666809673],[-114.083876464701831,50.929592623373544],[-114.084181389344181,50.929409351547861],[-114.084647063724077,50.929197934478296],[-114.085198512975282,50.929017432827365],[-114.085469659353393,50.929019557047738],[-114.085679898016011,50.929054528277064],[-114.086441059575989,50.929422293631319],[-114.086770718118487,50.929667460610148],[-114.087085059264936,50.930003366334027],[-114.087303565958322,50.930385924248789],[-114.087416437625876,50.930777177922316],[-114.087368434080389,50.931305231542389],[-114.087287053832739,50.93161403578231],[-114.087123190267292,50.931903152368129],[-114.087132754967257,50.932184103818699],[-114.086974183739343,50.932587517141116],[-114.086959005866206,50.932977768858571],[-114.086809627746391,50.933285744134444],[-114.086920664042083,50.933445456114775],[-114.087128974865948,50.93353133010411],[-114.087460221730666,50.933543440187428],[-114.088591508442804,50.933480866581647],[-114.089058343238705,50.933494031258618],[-114.089518853745588,50.933445255663521],[-114.090162747519756,50.933264610923402],[-114.090612833018227,50.932977718865757],[-114.091176664451012,50.932357968419659],[-114.091563839788961,50.932113928788638],[-114.092185108597135,50.931933097820732],[-114.092856507120274,50.931885950525988],[-114.093774993758416,50.931929674349959],[-114.094465652858958,50.932041261709486],[-114.09479570484956,50.932207337758584],[-114.094769532379729,50.937387816455214],[-114.094486184243749,50.937387842835328],[-114.094487609695605,50.9404529382482],[-114.094416569494754,50.940804332870393],[-114.09440735971009,50.941427152706524],[-114.094772054575117,50.942884460157956],[-114.094801953596871,50.943316961433538],[-114.094805440113618,50.947598685184403],[-114.094751439069213,50.948235988676785],[-114.094832410232925,50.948991681074666],[-114.094793132313896,50.950502197870456],[-114.094826649662892,50.959494220843879],[-114.094847674833275,50.95987011440053],[-114.09524094053441,50.961501330254841],[-114.095287864545995,50.962002668613302],[-114.095309768452481,50.963792033466866],[-114.095120313451957,50.976458039952604],[-114.094917254675465,50.97815619563633],[-114.094889719982618,50.979564924814326],[-114.091696365201315,50.979588227685134],[-114.087208850499877,50.979575314369818],[-114.083160039464744,50.97960910357461],[-114.08316961214318,50.98377400186618],[-114.083127830524944,50.986030706016493],[-114.083182049555646,50.994397785922239],[-114.079893899521309,50.994394795406571],[-114.071551497631972,50.994235604040888],[-114.071531953273009,50.997616747962724],[-114.07161117340587,51.002173264410864],[-114.071580436909201,51.002495154711269],[-114.071331439509194,51.003142216630188],[-114.069842270289371,51.005603440083199],[-114.067808619827318,51.008728016554699],[-114.065829176427911,51.012864988845536],[-114.064402577789053,51.016049380559487],[-114.063948526742763,51.016899595113514],[-114.061922694968061,51.019675159237856],[-114.05936794223868,51.023336127036025],[-114.05904631591838,51.024806139118617],[-114.059015475992069,51.025128023112266],[-114.059354294508026,51.027615765177011],[-114.05969706973211,51.028707634876319],[-114.059707521000803,51.03055288832924],[-114.059647003044518,51.03358522032228],[-114.059513094897781,51.033588226929439],[-114.059278436880206,51.034258873561832],[-114.058268508597379,51.033393891866801],[-114.057963411577603,51.033041846712436],[-114.057652484579265,51.032820599710845],[-114.055061408314231,51.031713650090076],[-114.054678472591874,51.031580205155485],[-114.053217160833768,51.030467150853902],[-114.052585346880818,51.030124956628285],[-114.052314359869939,51.030093390683305],[-114.052307817264563,51.029864776176083],[-114.052122001100486,51.029837484644354],[-114.05216734949343,51.029757697068234],[-114.051251748084994,51.029711095678508],[-114.049963487843655,51.029761106515103],[-114.048546129747635,51.029671245008544],[-114.046374683207176,51.0291261963499],[-114.043729670580106,51.028326166940019],[-114.041734079771146,51.030097095348772],[-114.04132892155792,51.030653139934401],[-114.040844192324968,51.030572417297044],[-114.040540815107335,51.030474991256192],[-114.040153108028733,51.030472527848531],[-114.039767681066252,51.030418816348948],[-114.036793120351888,51.030585955291507],[-114.036794589660488,51.031055434287026],[-114.036735774612993,51.031224762282967],[-114.036757987680005,51.037409127073715],[-114.03671309826899,51.037827919651086],[-114.027656161972985,51.037821419780251],[-114.027656320570642,51.037763461439532],[-114.02557735043024,51.037761785256954],[-114.025154392307172,51.037735390417097],[-114.025182789667483,51.036179990504188],[-114.02512498850254,51.035746689983611],[-114.025155145780772,51.034281646200064],[-114.025311068378613,51.034096668256474],[-114.024678337283831,51.033820979600556],[-114.024501284921271,51.033679988350862],[-114.024440585408001,51.033291588023253],[-114.024459578329129,51.03210478879155],[-114.024362347843407,51.031908509369245],[-114.024232459745434,51.031839089462821],[-114.023828583238995,51.03174074946471],[-114.02365054635429,51.031584826355257],[-114.023633623951142,51.030379550107888],[-114.023582112639971,51.030208843437542],[-114.02348524473679,51.030070094872897],[-114.019844112989645,51.026335631636655],[-114.019587494787288,51.026023611950023],[-114.01948231334444,51.025820453198087],[-114.019313362677153,51.025707255831975],[-114.018811985284145,51.025488268264951],[-114.014330994531292,51.02547614667251],[-114.011474400372208,51.025435109278718],[-114.011491286000933,51.024128507099604],[-114.011630054535956,51.023278793445961],[-114.010856542068268,51.023271144744257],[-114.011028626840769,51.023131765631319],[-114.01136293731615,51.022977540623693],[-114.011475710168753,51.022861147486907],[-114.011702578290127,51.022289192759473],[-114.012013633319299,51.021756270470476],[-114.012631300543916,51.020110697384354],[-114.012738756851746,51.01851494995406],[-114.012639999320427,51.018007337332307],[-114.012486357367933,51.01644116774478],[-114.012102612700602,51.01568775253314],[-114.011929102091941,51.015045686807483],[-114.011932223543965,51.014870273231637],[-114.012214803140068,51.01431540839166],[-114.012522899949232,51.01395260251865],[-114.01262377567457,51.013652299074906],[-114.012712356944633,51.013529040955511],[-114.013228458700624,51.013094706636821],[-114.013450174160567,51.012855815843103],[-114.013490761329834,51.012521744549979],[-114.013559909696212,51.012378744609961],[-114.014082792491166,51.011792970046272],[-114.014950792133476,51.011038789510891],[-114.015802693687249,51.010648520422656],[-114.016023378812804,51.01060076551105],[-114.016686062817456,51.010569740612482],[-114.016866334780758,51.010500212126374],[-114.017264786332902,51.01019351006363],[-114.018182631480897,51.00965349297244],[-114.018735610885827,51.009255410822448],[-114.019040450173364,51.009077643178784],[-114.020257424990092,51.008166705707033],[-114.020521714378816,51.007786370546881],[-114.021844753229715,51.006247606053364],[-114.022111885221065,51.005429917828359],[-114.022426633115671,51.004672956265225],[-114.022731876016323,51.00410031046637],[-114.023399700941255,51.003188181015688],[-114.024090325620719,51.002659877511007],[-114.02471585414591,51.002301238911194],[-114.025566909790527,51.001906145829224],[-114.026424410845266,51.00172446761961],[-114.026674308017618,51.001707617849313],[-114.026704165947038,51.001771237362654],[-114.026272716238481,51.002065460948167],[-114.026186026968347,51.002188589290895],[-114.027101855881511,51.001860253137707],[-114.027250913251621,51.001764860748004],[-114.028412230234281,51.000809112994631],[-114.029286954588912,50.999929616164032],[-114.029891938347191,50.999026745722588],[-114.030022294421499,50.998736358861663],[-114.030214781352853,50.9980116211458],[-114.030184397517729,50.997690142650548],[-114.029938476530788,50.99697516181709],[-114.029737588803471,50.996592687263842],[-114.029506543278259,50.996359323756089],[-114.028477788887031,50.995660036355261],[-114.027992884964178,50.995419502686175],[-114.028053679267245,50.995349031708741],[-114.028151546439076,50.995329031561219],[-114.028096082806158,50.995225155102844],[-114.027791768680615,50.995089635074223],[-114.025675740150007,50.993956946899281],[-114.024837504305935,50.99358464406729],[-114.024468852045644,50.993371823731835],[-114.023910631718394,50.992906054298778],[-114.023703089049249,50.992675821086046],[-114.023235623675532,50.99194340675335],[-114.02292024858734,50.991018049807138],[-114.022751547474854,50.98977580289062],[-114.022795398865242,50.989226440106847],[-114.022860090676772,50.988970065607369],[-114.023023025941285,50.988719491378774],[-114.023292238912632,50.988482890850626],[-114.025334650311521,50.98700333554234],[-114.025915483951209,50.986622846145565],[-114.028069831183061,50.984592567919279],[-114.028899632095758,50.984005029417446],[-114.029249346580414,50.983829339701884],[-114.029856747788813,50.982932006259794],[-114.029980915938495,50.982645354870961],[-114.0304211997924,50.981972506691015],[-114.030667780978746,50.981664035058792],[-114.031482846620477,50.980866686508662],[-114.031774943545983,50.980642628074833],[-114.032072202730149,50.980487427951651],[-114.032365874006558,50.980418485553749],[-114.032663509237821,50.980416400617266],[-114.033588571781877,50.979629724415631],[-114.034986669651744,50.978762093942962],[-114.035251953151104,50.978533519215262],[-114.035509490905028,50.978238467435347],[-114.03631167375616,50.97709159110795],[-114.036648729252391,50.976580066787342],[-114.036699160607512,50.97642483470738],[-114.036923413223789,50.976055333210084],[-114.037030193467018,50.975962980970323],[-114.037429888375357,50.974948365222964],[-114.037478016101076,50.974680412291725],[-114.037461022411264,50.974215990669528],[-114.037500425556232,50.974085345564895],[-114.03731383199738,50.974005229491681],[-114.036959355534449,50.973466212652291],[-114.036502325218819,50.972948692210913],[-114.036180502754831,50.972687917146914],[-114.035842438033384,50.972506581319266],[-114.035118100946121,50.972272644852026],[-114.035107488792804,50.972222502899726],[-114.034531268426051,50.971589327665889],[-114.034006790932793,50.971182255386125],[-114.033650926747342,50.970975022594956],[-114.03289219162636,50.97065274495418],[-114.032370571791205,50.970518066484509],[-114.031720770731454,50.970433737664585],[-114.030778268864481,50.970412177367542],[-114.030109777957847,50.970468645882853],[-114.029839562711672,50.970453366775452],[-114.029466891391309,50.970500214311535],[-114.028689566473105,50.970690065358212],[-114.027550751057461,50.970720022367622],[-114.027336225627366,50.970692769862467],[-114.02713724641788,50.970636962244939],[-114.026970600214042,50.97045281971544],[-114.027007380827897,50.970436995529717],[-114.026984534200395,50.970368445842205],[-114.025940668144457,50.96954619873901],[-114.025942455734693,50.969455837309646],[-114.025997888878109,50.96941101786399],[-114.026266965930645,50.969318694591827],[-114.025933275474685,50.968995881213033],[-114.025751385283385,50.96871888711037],[-114.025082255875745,50.967173723430143],[-114.024828723133083,50.96613499094596],[-114.024598622858846,50.96473525148447],[-114.024454022978901,50.964477786083705],[-114.02428919087113,50.964302243168426],[-114.024059481039572,50.96384639068404],[-114.023871290174711,50.963042058033672],[-114.023859128038481,50.962544056610511],[-114.023913833732792,50.961993661827897],[-114.024063622122526,50.96150686049495],[-114.024217635831093,50.961452969540574],[-114.024410886971125,50.961522519082827],[-114.024571313421859,50.96147142875467],[-114.024942972325107,50.961131538193015],[-114.025138985612472,50.96104732498673],[-114.02526728305304,50.960947169522484],[-114.024388267404476,50.95918132598247]]]]}},
{"type":"Feature","properties":{"fid":68,"ed_num":22,"ed_name":"Calgary-Peigan"},"geometry":{"type":"MultiPolygon","coordinates":[[[[-113.865553912887805,51.037841562430962],[-113.865563242949278,51.016093852782078],[-113.911761607826634,51.016082528289246],[-113.911786660887216,50.979746093713651],[-113.91177923814675,50.979474052086367],[-113.911636042277451,50.979474094315371],[-113.911636101971169,50.979200233127713],[-113.902724399734367,50.979204985224406],[-113.902427785905061,50.97947904657056],[-113.870356801945832,50.979482211290808],[-113.870356746452515,50.979572599671933],[-113.869447652913976,50.979572468634537],[-113.869447681840697,50.979482071884505],[-113.865526151051299,50.97948140566006],[-113.865590744557267,50.943239129853367],[-113.872934082804434,50.943239847500031],[-113.877124143918067,50.944525980602329],[-113.877129632702577,50.92788007008258],[-113.88883782464157,50.927883359220772],[-113.8888414420543,50.928854300007778],[-113.89757492506466,50.928763696919958],[-113.900652422227068,50.928813197319087],[-113.901865020308719,50.928781897666646],[-113.911965919697096,50.92878319477132],[-113.935095881946722,50.928651436540441],[-113.938125296490654,50.928680143189865],[-113.946524936444476,50.928663772464937],[-113.948715346260201,50.92873218103616],[-113.950214152718843,50.928688087117969],[-113.951082154999582,50.928759090612765],[-113.951857357588096,50.928870492514548],[-113.952653857985922,50.929066093194166],[-113.953728159470899,50.929478695642459],[-113.954402558345834,50.929827196329136],[-113.955197759000299,50.93029149772854],[-113.955479202893216,50.930502179153052],[-113.956183831167777,50.930830566669194],[-113.956905624690748,50.931087801679148],[-113.958073168648866,50.931317342625327],[-113.961489813191392,50.931798628271281],[-113.962897550229329,50.931914775837896],[-113.964470405044963,50.93198055720859],[-113.968308290966974,50.931996295941552],[-113.975491686078442,50.931932744353261],[-113.975403965982736,50.916451225721715],[-113.978917932210209,50.916465650413734],[-113.981244543467369,50.916420619072682],[-113.982618448701444,50.916220237157653],[-113.983632786838342,50.91591870699758],[-113.984415309475906,50.915582487760446],[-113.98483748000335,50.915951707068928],[-113.98516099671977,50.916179108684489],[-113.985706426681787,50.916374538168554],[-113.986188060437883,50.916421097876245],[-113.987321003278254,50.916418219660414],[-113.98765749122947,50.916357576230851],[-113.988129950641778,50.916209121464441],[-113.989559061581332,50.915530785708135],[-113.990096325870425,50.915484585170518],[-113.990381478871356,50.915317551000356],[-113.990584282291621,50.915238791413188],[-113.99335657932852,50.916095716823357],[-113.993080356621675,50.916884785422951],[-113.99284350371768,50.917286540429942],[-113.992613315656612,50.91750561863482],[-113.99245014148191,50.91776899969841],[-113.992409457317166,50.917731572970752],[-113.992443478998297,50.917385450045174],[-113.992365007598764,50.917301307469941],[-113.992181536131611,50.917367526861227],[-113.991552346659759,50.918213733770834],[-113.990874009783923,50.918927443148192],[-113.990222189196672,50.919270196790855],[-113.989740800671768,50.919922081566177],[-113.989015616301856,50.921248681623261],[-113.988467276271834,50.922927851387364],[-113.988431191725226,50.923428872630865],[-113.98866289458546,50.923828770125006],[-113.988883862451175,50.924051229316525],[-113.99001064867609,50.924904876833885],[-113.990024783351345,50.924994469469539],[-113.990122764150385,50.925116838987776],[-113.990463622541682,50.925270401994624],[-113.99079823667229,50.925807528838199],[-113.991922735060143,50.926946395428651],[-113.992654728783364,50.927801409728872],[-113.992705836674816,50.927954030175258],[-113.992688612046848,50.928307031499621],[-113.992410729589807,50.929040152417365],[-113.9921882137333,50.929260992829938],[-113.991835021912124,50.929766898447475],[-113.991717905749951,50.930036442309842],[-113.99158473300497,50.930892357924193],[-113.991749656792848,50.932289239637463],[-113.991966997980626,50.932890785895275],[-113.992053068156579,50.933020843554786],[-113.99257379665849,50.933425015013754],[-113.9935473605547,50.933746983389256],[-113.99420111734868,50.933902401762701],[-113.994598962040328,50.934030428443137],[-113.995116262402533,50.934058382903665],[-113.996231044078414,50.933826660380994],[-113.996803293032571,50.933809518866084],[-113.99623748224279,50.933951124460407],[-113.995692305261699,50.934163498438885],[-113.995687176516455,50.93433545357194],[-113.99590642691561,50.9345612795073],[-113.996367613214346,50.934830150096722],[-113.997397324450873,50.935283446772338],[-113.996973372344627,50.9351874086233],[-113.997074409696197,50.935367059803227],[-113.997834877999836,50.935871000912556],[-113.999687252040729,50.936774766609958],[-114.001526194114319,50.937521559131611],[-114.001986546573463,50.9376168106525],[-114.00281562673068,50.937735623789251],[-114.004943514703598,50.937924850847402],[-114.006020414072452,50.938084431444892],[-114.008329678989682,50.93869698804771],[-114.008942164066212,50.93894055038021],[-114.009592346007224,50.939336575758958],[-114.01121783772696,50.940498409053404],[-114.011719172557662,50.94078653863361],[-114.012432462095148,50.941063558836156],[-114.013116474018418,50.94165710103281],[-114.013503639829707,50.941926965815014],[-114.01349467878228,50.941982076235099],[-114.013678169277952,50.942175482236557],[-114.015174228252093,50.943463057679253],[-114.015855168222089,50.943985026256442],[-114.017094173981661,50.944724588231281],[-114.01803919496723,50.945381969823075],[-114.018726738215904,50.945976790625608],[-114.020471630536861,50.947291699000878],[-114.021137980267042,50.948000823343477],[-114.021595348560012,50.948608998764328],[-114.022020975577959,50.949068393895843],[-114.022044459939437,50.949161858709829],[-114.021529710127126,50.950312336891315],[-114.021150811325754,50.950962292713392],[-114.02094174630038,50.951435970708616],[-114.020793609843224,50.9523903980268],[-114.020814822143251,50.952600121653255],[-114.020989118336416,50.953141246236008],[-114.021113279421812,50.953423969310002],[-114.021459884397245,50.953977687740448],[-114.021786407890986,50.954321487836189],[-114.021924051630918,50.954573455103642],[-114.02218991620056,50.954688369752759],[-114.022661025631052,50.955191157891818],[-114.023877335288731,50.956880944665627],[-114.023941721454179,50.957158532298585],[-114.023983224140437,50.957900978678772],[-114.024061256309054,50.95820981245766],[-114.02437844770327,50.958951692087815],[-114.024388950947639,50.959197318400918],[-114.02526728305304,50.960947169522484],[-114.025138985612472,50.96104732498673],[-114.024942972325107,50.961131538193015],[-114.024571313421859,50.96147142875467],[-114.024410886971125,50.961522519082827],[-114.024217635831093,50.961452969540574],[-114.024063622122526,50.96150686049495],[-114.023913833732792,50.961993661827897],[-114.023859128038481,50.962544056610511],[-114.023871290174711,50.963042058033672],[-114.024059481039572,50.96384639068404],[-114.02428919087113,50.964302243168426],[-114.024454022978901,50.964477786083705],[-114.024598622858846,50.96473525148447],[-114.024828723133083,50.96613499094596],[-114.025082255875745,50.967173723430143],[-114.025751385283385,50.96871888711037],[-114.025933275474685,50.968995881213033],[-114.026266965930645,50.969318694591827],[-114.025997888878109,50.96941101786399],[-114.025942455734693,50.969455837309646],[-114.025940668144457,50.96954619873901],[-114.026984534200395,50.970368445842205],[-114.027007380827897,50.970436995529717],[-114.026970600214042,50.97045281971544],[-114.02713724641788,50.970636962244939],[-114.027336225627366,50.970692769862467],[-114.027550751057461,50.970720022367622],[-114.028689566473105,50.970690065358212],[-114.029466891391309,50.970500214311535],[-114.029839562711672,50.970453366775452],[-114.030109777957847,50.970468645882853],[-114.030778268864481,50.970412177367542],[-114.031720770731454,50.970433737664585],[-114.032370571791205,50.970518066484509],[-114.03289219162636,50.97065274495418],[-114.033650926747342,50.970975022594956],[-114.034006790932793,50.971182255386125],[-114.034727707475994,50.971781617868501],[-114.035118100946121,50.972272644852026],[-114.035842438033384,50.972506581319266],[-114.036180502754831,50.972687917146914],[-114.036419967459764,50.972871497360053],[-114.036754281985537,50.973224350540271],[-114.036959355534449,50.973466212652291],[-114.03731383199738,50.974005229491681],[-114.037500425556232,50.974085345564895],[-114.037461022411264,50.974215990669528],[-114.037478016101076,50.974680412291725],[-114.037429888375357,50.974948365222964],[-114.037030193467018,50.975962980970323],[-114.036923413223789,50.976055333210084],[-114.036699160607512,50.97642483470738],[-114.036648729252391,50.976580066787342],[-114.03631167375616,50.97709159110795],[-114.035509490905028,50.978238467435347],[-114.035251953151104,50.978533519215262],[-114.034986669651744,50.978762093942962],[-114.033588571781877,50.979629724415631],[-114.032663509237821,50.980416400617266],[-114.032365874006558,50.980418485553749],[-114.032072202730149,50.980487427951651],[-114.031774943545983,50.980642628074833],[-114.031482846620477,50.980866686508662],[-114.030667780978746,50.981664035058792],[-114.0304211997924,50.981972506691015],[-114.029980915938495,50.982645354870961],[-114.029856747788813,50.982932006259794],[-114.029249346580414,50.983829339701884],[-114.028899632095758,50.984005029417446],[-114.028069831183061,50.984592567919279],[-114.025915483951209,50.986622846145565],[-114.025334650311521,50.98700333554234],[-114.023292238912632,50.988482890850626],[-114.023023025941285,50.988719491378774],[-114.022860090676772,50.988970065607369],[-114.022795398865242,50.989226440106847],[-114.022751547474854,50.98977580289062],[-114.02292024858734,50.991018049807138],[-114.023235623675532,50.99194340675335],[-114.023703089049249,50.992675821086046],[-114.023910631718394,50.992906054298778],[-114.024468852045644,50.993371823731835],[-114.024837504305935,50.99358464406729],[-114.025675740150007,50.993956946899281],[-114.027791768680615,50.995089635074223],[-114.028096082806158,50.995225155102844],[-114.028151546439076,50.995329031561219],[-114.028053679267245,50.995349031708741],[-114.027992884964178,50.995419502686175],[-114.028477788887031,50.995660036355261],[-114.028787388479543,50.995855658719044],[-114.029506543278259,50.996359323756089],[-114.029737588803471,50.996592687263842],[-114.030092094376059,50.997364939694791],[-114.030184397517729,50.997690142650548],[-114.030214781352853,50.9980116211458],[-114.030133980264765,50.998389196832072],[-114.029891938347191,50.999026745722588],[-114.029435348877342,50.999740081461638],[-114.029015813753617,51.000224181791019],[-114.028412230234281,51.000809112994631],[-114.027250913251621,51.001764860748004],[-114.027101855881511,51.001860253137707],[-114.026186026968347,51.002188589290895],[-114.026272716238481,51.002065460948167],[-114.026704165947038,51.001771237362654],[-114.026674308017618,51.001707617849313],[-114.026424410845266,51.00172446761961],[-114.025566909790527,51.001906145829224],[-114.02471585414591,51.002301238911194],[-114.024090325620719,51.002659877511007],[-114.023399700941255,51.003188181015688],[-114.022731876016323,51.00410031046637],[-114.022426633115671,51.004672956265225],[-114.022111885221065,51.005429917828359],[-114.021844753229715,51.006247606053364],[-114.020521714378816,51.007786370546881],[-114.020257424990092,51.008166705707033],[-114.019040450173364,51.009077643178784],[-114.018735610885827,51.009255410822448],[-114.018182631480897,51.00965349297244],[-114.017264786332902,51.01019351006363],[-114.016866334780758,51.010500212126374],[-114.016686062817456,51.010569740612482],[-114.016023378812804,51.01060076551105],[-114.015802693687249,51.010648520422656],[-114.014950792133476,51.011038789510891],[-114.014082792491166,51.011792970046272],[-114.013559909696212,51.012378744609961],[-114.013490761329834,51.012521744549979],[-114.013450174160567,51.012855815843103],[-114.013228458700624,51.013094706636821],[-114.012712356944633,51.013529040955511],[-114.01262377567457,51.013652299074906],[-114.012522899949232,51.01395260251865],[-114.012214803140068,51.01431540839166],[-114.011932223543965,51.014870273231637],[-114.011929102091941,51.015045686807483],[-114.012102612700602,51.01568775253314],[-114.012486357367933,51.01644116774478],[-114.012639999320427,51.018007337332307],[-114.012738756851746,51.01851494995406],[-114.012673504942342,51.019772671801512],[-114.012631300543916,51.020110697384354],[-114.012197514346198,51.021312581014399],[-114.012013633319299,51.021756270470476],[-114.011702578290127,51.022289192759473],[-114.011475710168753,51.022861147486907],[-114.01136293731615,51.022977540623693],[-114.011028626840769,51.023131765631319],[-114.010770156811589,51.023341108393453],[-114.009847608738468,51.023882280782622],[-114.009472975707055,51.024025461247938],[-114.009162182940671,51.024191570305753],[-114.008578652887337,51.024376266533736],[-114.007810259890618,51.024817052816715],[-114.007221441547458,51.025358672371524],[-114.006650910773345,51.025559891860553],[-114.005956729062675,51.025686149642283],[-114.003880589999468,51.02627750922241],[-114.003308294115143,51.026667496993802],[-114.003064855804269,51.026898348547732],[-114.002883127481709,51.027142678342805],[-114.002852103191458,51.027493163006326],[-114.002779497382207,51.027662924599127],[-114.002796497449623,51.027820145349573],[-114.003042489901176,51.028429462432022],[-114.003113438803155,51.028741515654424],[-114.003506256872384,51.029441382181481],[-114.00364478013816,51.030043881299413],[-114.003794851962695,51.030305844026962],[-114.004027647366811,51.030531431431392],[-114.004201678372695,51.030629120972577],[-113.994430589737092,51.030544264363677],[-113.992801889207513,51.030505063896179],[-113.991833490101342,51.030529962995722],[-113.985729084920777,51.030542266217431],[-113.981617376173659,51.030525234689605],[-113.981655401521607,51.021125021545672],[-113.98160604109259,51.019227525917614],[-113.981448996841465,51.018925099740791],[-113.981099069575862,51.01853167025476],[-113.980870198325704,51.018364204958509],[-113.978304471116132,51.016970748693183],[-113.977947711582217,51.016720078247843],[-113.977652577127984,51.016412818545824],[-113.977120678517224,51.014998505601163],[-113.958519189244996,51.01498096733367],[-113.95837814881132,51.014954522086938],[-113.958381073779847,51.016784855773942],[-113.958120215841461,51.016784763075975],[-113.956365470867766,51.016150189840971],[-113.955935848895876,51.016151053436971],[-113.955928633890636,51.030523270643592],[-113.946763300624468,51.030529609887367],[-113.946762964292006,51.033202084427103],[-113.946912370885357,51.033282008871254],[-113.946916699728021,51.03787449858951],[-113.935167486986913,51.037825804511101],[-113.930238304792994,51.037832782039196],[-113.924644109024854,51.037768258456495],[-113.914697533065834,51.03775011927506],[-113.913678812358597,51.037835942069201],[-113.865553912887805,51.037841562430962]]]]}},
{"type":"Feature","properties":{"fid":69,"ed_num":4,"ed_name":"Calgary-Buffalo"},"geometry":{"type":"MultiPolygon","coordinates":[[[[-114.013939257358274,51.025471154245842],[-114.018811985284145,51.025488268264951],[-114.019313362677153,51.025707255831975],[-114.01948231334444,51.025820453198087],[-114.019587494787288,51.026023611950023],[-114.019844112989645,51.026335631636655],[-114.02348524473679,51.030070094872897],[-114.023582112639971,51.030208843437542],[-114.023633623951142,51.030379550107888],[-114.02365054635429,51.031584826355257],[-114.023828583238995,51.03174074946471],[-114.024232459745434,51.031839089462821],[-114.024362347843407,51.031908509369245],[-114.024459578329129,51.03210478879155],[-114.024440585408001,51.033291588023253],[-114.024501284921271,51.033679988350862],[-114.024678337283831,51.033820979600556],[-114.025311068378613,51.034096668256474],[-114.025155145780772,51.034281646200064],[-114.02512498850254,51.035746689983611],[-114.025182789667483,51.036179990504188],[-114.025154392307172,51.037735390417097],[-114.02557735043024,51.037761785256954],[-114.027656320570642,51.037763461439532],[-114.027656161972985,51.037821419780251],[-114.03671309826899,51.037827919651086],[-114.036757987680005,51.037409127073715],[-114.036735774612993,51.031224762282967],[-114.036794589660488,51.031055434287026],[-114.036793120351888,51.030585955291507],[-114.039767681066252,51.030418816348948],[-114.040153108028733,51.030472527848531],[-114.040540815107335,51.030474991256192],[-114.040844192324968,51.030572417297044],[-114.04132892155792,51.030653139934401],[-114.041734079771146,51.030097095348772],[-114.043729670580106,51.028326166940019],[-114.046374683207176,51.0291261963499],[-114.048546129747635,51.029671245008544],[-114.049963487843655,51.029761106515103],[-114.051251748084994,51.029711095678508],[-114.05216734949343,51.029757697068234],[-114.052122001100486,51.029837484644354],[-114.052307817264563,51.029864776176083],[-114.052314359869939,51.030093390683305],[-114.052585346880818,51.030124956628285],[-114.053217160833768,51.030467150853902],[-114.054678472591874,51.031580205155485],[-114.055061408314231,51.031713650090076],[-114.055740344687649,51.032020870393467],[-114.057390383944309,51.032692004748874],[-114.057839185951806,51.032939923624028],[-114.058585282656438,51.033682837562623],[-114.059058270540248,51.034092822769829],[-114.059775574166153,51.034633798230828],[-114.060434095897463,51.035464625605073],[-114.060576973554333,51.03555534257292],[-114.061055930048141,51.035707124045281],[-114.061494839736227,51.035760324198897],[-114.061901717660632,51.035850569650584],[-114.062467112156327,51.035876499862574],[-114.063282506466223,51.035868829762883],[-114.064039185382285,51.035813268599981],[-114.065206459181255,51.035659991869416],[-114.065746872273763,51.035465849929622],[-114.066383222243118,51.035128101888695],[-114.067051630830335,51.034616526654027],[-114.067162559968679,51.034497772076129],[-114.067311929161562,51.034213565296],[-114.067329857141786,51.034046319328759],[-114.067276618765618,51.033899492811734],[-114.067044077253939,51.033686840952178],[-114.066650374005917,51.033555524504258],[-114.066402528657079,51.033520956269129],[-114.065271482183476,51.033461581357024],[-114.065094624481205,51.03338819321786],[-114.064995256120056,51.03326855500007],[-114.06469279078128,51.033083354404759],[-114.064442764774498,51.032874417787212],[-114.064247570084532,51.032635314278664],[-114.064034241470338,51.032230519476997],[-114.063590621570881,51.030900613921894],[-114.063189375288033,51.030241251239069],[-114.063086935952953,51.029949927975338],[-114.063134522694625,51.029571882936054],[-114.063272108490125,51.029274811041574],[-114.063844458368663,51.028697900894642],[-114.064197194336842,51.028541506744212],[-114.064653445830501,51.02847344919801],[-114.06493602673963,51.028472346198953],[-114.06668372521392,51.028725998664903],[-114.067945519152616,51.029075993717534],[-114.068441099851512,51.029146167674327],[-114.069546983083455,51.0291543753738],[-114.069787512508626,51.029195168954843],[-114.070630984041273,51.029240885161421],[-114.071513339082117,51.029264008622697],[-114.07253991742958,51.029200619113993],[-114.0732957997688,51.029046964081189],[-114.073326200459562,51.030580229232932],[-114.074238301148156,51.030594030089667],[-114.07426060096806,51.030918430449127],[-114.074326701089959,51.031001031115373],[-114.075405500886035,51.03176563388233],[-114.075773101148314,51.032269635243871],[-114.075754398666618,51.034832641602797],[-114.076820401804198,51.035120243409402],[-114.077159500434746,51.035173644223725],[-114.078314903431945,51.035175645174014],[-114.07830539906476,51.037819851861272],[-114.081799704774696,51.037835254684239],[-114.083826908150613,51.037813955068145],[-114.08428160902325,51.037843356507693],[-114.089263016779753,51.037805658594323],[-114.094726022726533,51.037824761176694],[-114.094696013363588,51.043283947145071],[-114.094750122931586,51.044850357176394],[-114.09472869034802,51.047447313618761],[-114.094168020600165,51.047500283048791],[-114.093109649554165,51.047727714954036],[-114.092172743986993,51.047844281621131],[-114.091536712033488,51.04798893857258],[-114.090679341868992,51.0483743833299],[-114.089569934909861,51.048775003949132],[-114.08875016736306,51.048971662032969],[-114.087410456831805,51.049396249857075],[-114.085376875686833,51.049945174070558],[-114.084639056196821,51.05021156137029],[-114.084311669881671,51.050373155490284],[-114.084042063201736,51.050572877889067],[-114.08399772077216,51.050738181424826],[-114.083903741400292,51.050869401251532],[-114.083658534725473,51.051087234538599],[-114.083018327462284,51.051800085740503],[-114.082866978090465,51.051887775802228],[-114.081732506846109,51.052277233590246],[-114.081132880244965,51.052437613694721],[-114.0805940984838,51.052642181428418],[-114.080373001678197,51.052625304658818],[-114.080146749747485,51.052651568099087],[-114.078612573930698,51.053520691590883],[-114.078406781256831,51.05356872294125],[-114.078138703491277,51.053548161745454],[-114.077708954350371,51.053447141654445],[-114.077453521824836,51.053418863610652],[-114.077246876720423,51.053467948654934],[-114.077203030992663,51.053594832257332],[-114.077294179954407,51.053688716464421],[-114.077505619166686,51.053644657608899],[-114.077723973813434,51.053684729420773],[-114.07773305778332,51.053753774636441],[-114.077688019553989,51.05391796193949],[-114.07732990192504,51.054255020632674],[-114.076740992051612,51.054621433596644],[-114.075564332767229,51.055180523874967],[-114.073108879905334,51.056222260484176],[-114.070971280888742,51.056715040718522],[-114.070483047794355,51.056771790071146],[-114.068755648703018,51.056709401742147],[-114.068216899042341,51.05665840097501],[-114.067578157102147,51.056486691401737],[-114.066884253633617,51.056178942494881],[-114.066567770357153,51.056004135711348],[-114.066311299088554,51.055799871427624],[-114.066097414705624,51.055568289624993],[-114.065694394245909,51.055274837677338],[-114.065047393486168,51.054572874613932],[-114.064882818609007,51.054314732065201],[-114.064445275589861,51.053856130798735],[-114.064271404511885,51.053608530299883],[-114.064420506997919,51.053379929341716],[-114.064372746241091,51.053239374993225],[-114.06425909352312,51.053127413094188],[-114.064105332418862,51.053042864516129],[-114.062631110824498,51.052478648979275],[-114.062489542457442,51.052397016360466],[-114.061064010857194,51.051846982375665],[-114.060226118802618,51.051580025747533],[-114.059463201928608,51.051429940879665],[-114.057475285582456,51.05096723496213],[-114.054912086328528,51.050492128503336],[-114.054294301429735,51.050314289394144],[-114.052030993428573,51.049503769767746],[-114.051692833085625,51.049341800531693],[-114.050380662309408,51.048854159074224],[-114.049360728926644,51.048374028432505],[-114.048598684391067,51.048111046479683],[-114.048271374579286,51.047941775185919],[-114.046784899611524,51.047394057020568],[-114.046082765465158,51.047096972652405],[-114.045456327368242,51.046748984963379],[-114.043116413791097,51.046154254167512],[-114.042148338006783,51.045830866365968],[-114.041872551786724,51.045637575302663],[-114.041543660887214,51.045479098208716],[-114.041474267775172,51.045385781526676],[-114.041248324834129,51.045236573748973],[-114.039351757863031,51.044733623322209],[-114.03826073268084,51.044474923982641],[-114.0368629315589,51.044036677582497],[-114.036069847580322,51.043973482985912],[-114.034924331422275,51.043745674937853],[-114.03109592321789,51.042753191267543],[-114.028936347218817,51.042397550269996],[-114.02785754249868,51.042321999849015],[-114.026187532490525,51.042329514016195],[-114.024578251049107,51.042376054593767],[-114.023385419975625,51.042518111768416],[-114.02272629232607,51.042638769418957],[-114.021693899701091,51.042916202315276],[-114.020696520944156,51.043208157003853],[-114.019787438191642,51.043550201146097],[-114.019193865422395,51.043714878549629],[-114.01869509106622,51.043796858730261],[-114.018233852610692,51.043915439662669],[-114.016194164111937,51.043909617955975],[-114.015682008546079,51.043858062577584],[-114.015237125185962,51.04377002326769],[-114.015052589138335,51.043702765181891],[-114.014918808278125,51.043598931938277],[-114.014837562891856,51.043474029474666],[-114.01468315121042,51.043370641853684],[-114.014294349811507,51.04324479063353],[-114.013834627480804,51.042980202010952],[-114.01347463295491,51.04264120201438],[-114.013311749216271,51.042561317634721],[-114.012930277642141,51.04244325238313],[-114.012504677558738,51.042364026106135],[-114.011445923110799,51.042333579669794],[-114.011194445779608,51.042280153020414],[-114.011061928643372,51.042171785453],[-114.010733767704679,51.041476113204176],[-114.010276082725454,51.040804691655993],[-114.010229514690764,51.040661161973041],[-114.010276895338848,51.04050374337875],[-114.010786488413785,51.040241943672413],[-114.011439236672146,51.039726691172852],[-114.011755112674521,51.039553227665543],[-114.011879055699836,51.039448382778467],[-114.012004345003149,51.039182523807177],[-114.012238924439316,51.038936310930978],[-114.012387576855232,51.038850026909451],[-114.012954930397527,51.038654421529749],[-114.013268478249984,51.038302292337583],[-114.013513207146062,51.037900465812832],[-114.013760289633524,51.037202194385351],[-114.013910753535455,51.036365516161467],[-114.013806939110793,51.035317430570259],[-114.013539092717082,51.034724918903009],[-114.01344206693615,51.034592842205761],[-114.013212240820494,51.034355201792394],[-114.012905356335764,51.034164317901002],[-114.012277337053575,51.03362436058827],[-114.011984709332054,51.033429424937012],[-114.011432593237586,51.033234417130153],[-114.010056248482442,51.032618864281851],[-114.008792479647155,51.032315248831729],[-114.008456169329577,51.032160235283214],[-114.008080639476688,51.032033621393296],[-114.007219346372395,51.0318549428331],[-114.005539319147232,51.031625088713177],[-114.00510183362303,51.031523216780187],[-114.005050935972804,51.031391202637707],[-114.004925936147629,51.031263984002585],[-114.004613075458352,51.031093363367241],[-114.004343822102953,51.030708911056209],[-114.004027647366811,51.030531431431392],[-114.003794851962695,51.030305844026962],[-114.00364478013816,51.030043881299413],[-114.003506256872384,51.029441382181481],[-114.003113438803155,51.028741515654424],[-114.003042489901176,51.028429462432022],[-114.002796497449623,51.027820145349573],[-114.002779497382207,51.027662924599127],[-114.002852103191458,51.027493163006326],[-114.002883127481709,51.027142678342805],[-114.003064855804269,51.026898348547732],[-114.003308294115143,51.026667496993802],[-114.003880589999468,51.02627750922241],[-114.005956729062675,51.025686149642283],[-114.006650910773345,51.025559891860553],[-114.007221441547458,51.025358672371524],[-114.007810259890618,51.024817052816715],[-114.008578652887337,51.024376266533736],[-114.009162182940671,51.024191570305753],[-114.009472975707055,51.024025461247938],[-114.009847608738468,51.023882280782622],[-114.010856542068268,51.023271144744257],[-114.011630054535956,51.023278793445961],[-114.011491286000933,51.024128507099604],[-114.011474400372208,51.025435109278718],[-114.013939257358274,51.025471154245842]]]]}},
{"type":"Feature","properties":{"fid":70,"ed_num":26,"ed_name":"Calgary-West"},"geometry":{"type":"MultiPolygon","coordinates":[[[[-114.23437357443521,51.008693686092933],[-114.234304557291566,51.02332208312508],[-114.234310159095287,51.030558220695426],[-114.234383748692352,51.030556140714438],[-114.23439318789228,51.037709890236442],[-114.234319447850666,51.037709848882614],[-114.23434322204578,51.052424207085515],[-114.189268260338892,51.052461442160016],[-114.18619636080976,51.052522442239493],[-114.184149271669398,51.052486008955071],[-114.181801358959731,51.052223540365446],[-114.179817152034602,51.051961387747326],[-114.179201349960721,51.051939410308201],[-114.178163285107871,51.05203803678188],[-114.177151969417068,51.052207456446716],[-114.171191532679714,51.053471701863621],[-114.169700899377929,51.053814192082761],[-114.168561468117431,51.053903131648127],[-114.167718969867977,51.053881659329726],[-114.167071031952005,51.053778338257743],[-114.166470244677228,51.053613388478382],[-114.16565014562137,51.053279923760002],[-114.165010159654315,51.052890344174926],[-114.164287106672077,51.05242002681026],[-114.164258190175801,51.051619745250441],[-114.164323550702619,51.04285288561762],[-114.16427829162356,51.022999244508789],[-114.164321146531364,51.02229498989314],[-114.165104489184742,51.01902533593703],[-114.165275381137704,51.017889943121205],[-114.165230262472761,51.017064889279546],[-114.165094384176754,51.016226061774702],[-114.16461683236281,51.014242263058037],[-114.164596156694884,51.012033221903152],[-114.164517245233483,51.011385223521081],[-114.164226042661625,51.010792833015799],[-114.163781546918372,51.010332639992605],[-114.162953268575336,51.009735653327994],[-114.163529390608304,51.009401864381111],[-114.163540685760651,51.008637294537188],[-114.23437357443521,51.008693686092933]]]]}},
{"type":"Feature","properties":{"fid":71,"ed_num":7,"ed_name":"Calgary-East"},"geometry":{"type":"MultiPolygon","coordinates":[[[[-113.911746800136157,51.066816058936183],[-113.911747441622708,51.059655504267766],[-113.900276597709379,51.059659143884872],[-113.900275481664082,51.059771362560937],[-113.889745269573453,51.059773885461986],[-113.889301162873991,51.059935568747555],[-113.882773504506545,51.059937269836233],[-113.877028903478077,51.059937502873176],[-113.877029355837507,51.059664907516179],[-113.865539095606053,51.05966693766387],[-113.865553912887805,51.037841562430984],[-113.913678812358597,51.037835942069201],[-113.914697533065834,51.03775011927506],[-113.924644109024854,51.037768258456495],[-113.930238304792994,51.037832782039196],[-113.935167486986913,51.037825804511101],[-113.946916699728021,51.03787449858951],[-113.946912370885357,51.033282008871254],[-113.946762964292006,51.033202084427103],[-113.946763300624468,51.030529609887367],[-113.955928633890636,51.030523270643592],[-113.955935848895876,51.016151053436971],[-113.956365470867766,51.016150189840971],[-113.958120215841461,51.016784763075975],[-113.958381073779847,51.016784855773942],[-113.95837814881132,51.014954522086938],[-113.958519189244996,51.01498096733367],[-113.977120678517224,51.014998505601163],[-113.977652577127984,51.016412818545824],[-113.977947711582217,51.016720078247843],[-113.978304471116132,51.016970748693183],[-113.980870198325704,51.018364204958509],[-113.981099069575862,51.01853167025476],[-113.981448996841465,51.018925099740791],[-113.98160604109259,51.019227525917614],[-113.981655401521607,51.021125021545672],[-113.981617376173659,51.030525234689605],[-113.985729084920777,51.030542266217431],[-113.991833490101342,51.030529962995722],[-113.992801889207513,51.030505063896179],[-113.994430589737092,51.030544264363677],[-114.004201678372695,51.030629120972577],[-114.004343822102953,51.030708911056209],[-114.004613075458352,51.031093363367241],[-114.004925936147629,51.031263984002585],[-114.005050935972804,51.031391202637707],[-114.00510183362303,51.031523216780187],[-114.005539319147232,51.031625088713177],[-114.007219346372395,51.0318549428331],[-114.008080639476688,51.032033621393296],[-114.008456169329577,51.032160235283214],[-114.008792479647155,51.032315248831729],[-114.010056248482442,51.032618864281851],[-114.011432593237586,51.033234417130153],[-114.011984709332054,51.033429424937012],[-114.012277337053575,51.03362436058827],[-114.012905356335764,51.034164317901002],[-114.013212240820494,51.034355201792394],[-114.01344206693615,51.034592842205761],[-114.013539092717082,51.034724918903009],[-114.013806939110793,51.035317430570259],[-114.013902662504904,51.036021160857864],[-114.013910753535455,51.036365516161467],[-114.013776922776628,51.03713060702075],[-114.013673553878334,51.037447317603409],[-114.010139051923815,51.036982288621367],[-114.006730954690227,51.037036490139968],[-114.002667179482074,51.037036105631373],[-113.998711834210837,51.037110919245052],[-113.997630348959518,51.037183353113157],[-113.994876654967911,51.037677173705049],[-113.993901946035692,51.037804962768675],[-113.981611266470878,51.037848293510805],[-113.981657041331459,51.043985895285296],[-113.981575345433399,51.045157398006715],[-113.98168493919394,51.052027814137965],[-113.978762661946917,51.052427827962823],[-113.976935396544903,51.052547145033543],[-113.975564194419007,51.05267043305232],[-113.972796814760244,51.05283217660017],[-113.958467352472141,51.05285754934124],[-113.952995726735196,51.053819266562662],[-113.951959004290273,51.053903146339309],[-113.951644923065032,51.053900329012151],[-113.950742524758283,51.053764115672465],[-113.948010020827127,51.052842751369766],[-113.947110822067643,51.052566778571283],[-113.946374206610358,51.052455318105977],[-113.941861877410176,51.052422291990197],[-113.935165064266727,51.052427108000295],[-113.935122217553285,51.052630357948495],[-113.935060501477835,51.066984769048538],[-113.930413234029643,51.066872934911075],[-113.911746800136157,51.066816058936183]]]]}},
{"type":"Feature","properties":{"fid":72,"ed_num":6,"ed_name":"Calgary-Currie"},"geometry":{"type":"MultiPolygon","coordinates":[[[[-114.13738956322328,51.055045034004962],[-114.136479654567239,51.054855872211711],[-114.136302422398344,51.054870271780011],[-114.136181381890808,51.054976852665099],[-114.135770362720834,51.055079078125438],[-114.135510736994974,51.055071361634056],[-114.135085594334456,51.054963658008923],[-114.134800530037097,51.054951883284822],[-114.134302781621017,51.054989638487129],[-114.133487000442145,51.054944199062689],[-114.132973342406274,51.054880224437092],[-114.132284838763994,51.05474734010442],[-114.131685708016263,51.054559926467753],[-114.130599083066301,51.054100402138829],[-114.129835173531006,51.053644098530597],[-114.129238321251393,51.053450252488133],[-114.128116887649583,51.053200697059701],[-114.126280428283565,51.052474727858495],[-114.125450511769984,51.052231746550653],[-114.12492982124941,51.051999158948256],[-114.124038747292218,51.051448362995679],[-114.123256656704712,51.050685070257799],[-114.1230396315121,51.050275398408722],[-114.12259448284486,51.049658718569475],[-114.122350204585643,51.049449562448167],[-114.122282101778069,51.049313685947759],[-114.122391960577914,51.049271717721133],[-114.122742896724475,51.049404177189388],[-114.122867508828605,51.049296098697525],[-114.122891760708328,51.049154505958739],[-114.122471696408226,51.049049091440899],[-114.122443773980251,51.048893916625282],[-114.122360213110738,51.048768930090198],[-114.121013152384648,51.048112106352761],[-114.119670796089224,51.047610767934003],[-114.117500451955749,51.047036963841869],[-114.116745593501577,51.046919743584603],[-114.116083104285948,51.046754065048781],[-114.114296648329713,51.04654378764333],[-114.11400944722557,51.046537858301782],[-114.113065931724705,51.046652232025366],[-114.112365914186682,51.046771122465657],[-114.111726649161454,51.046924986524516],[-114.110957138525592,51.047171031684307],[-114.110293346692274,51.047501097660088],[-114.109745287589902,51.047716317130813],[-114.109341817877038,51.047831698765393],[-114.108173825261218,51.047991872183317],[-114.105888722616115,51.047947902381331],[-114.105046567492352,51.047901417944594],[-114.103739359961878,51.047775074092286],[-114.100656038240032,51.047714601720415],[-114.095510952542114,51.047460613267489],[-114.09472869034802,51.047447313618761],[-114.094750122931586,51.044850357176394],[-114.094696013363588,51.043283947145071],[-114.094736116994909,51.040397565545561],[-114.09471572330439,51.030466744197717],[-114.097156722033873,51.030437544621108],[-114.099622920428601,51.030462845723086],[-114.109466329651909,51.030446053312545],[-114.109482031243601,51.02400613969435],[-114.117919958699957,51.02397079259022],[-114.117929601068113,51.017947169071682],[-114.118074122220534,51.014466072688094],[-114.117949223927909,51.011395526827002],[-114.117953884369513,51.010095150033479],[-114.118474739690456,51.010094323717595],[-114.121867750794493,51.011800667811151],[-114.121676902856507,51.011951526677031],[-114.122553244842479,51.012389090457525],[-114.130751055303861,51.015362294050199],[-114.130612758165157,51.015505012733691],[-114.135310994335342,51.017211732214754],[-114.136727042952657,51.015844528212007],[-114.138420841107461,51.014042125412999],[-114.138607239875043,51.013794824829539],[-114.138739940129796,51.013492223685795],[-114.138783100158236,51.01318911714408],[-114.138787026587394,51.012478648411808],[-114.14097532506176,51.012459816327194],[-114.14122553588021,51.012491724125837],[-114.141184047789039,51.022454396694272],[-114.14529636182138,51.021094643970109],[-114.152305092840734,51.019031081482147],[-114.153713899800564,51.018696586325255],[-114.154335285542714,51.018586183229239],[-114.160267679159773,51.017928065804554],[-114.161051931469714,51.017876247680292],[-114.162381989603929,51.01786281054855],[-114.163710395226474,51.017941267864423],[-114.164316021683149,51.018003400628238],[-114.165266247610631,51.018033543243376],[-114.165104489184742,51.01902533593703],[-114.164321146531364,51.02229498989314],[-114.16427829162356,51.022999244508789],[-114.164323550702619,51.04285288561762],[-114.164258190175801,51.051619745250441],[-114.164287106672077,51.05242002681026],[-114.163564476872878,51.052132539300644],[-114.160995216221309,51.051323328875931],[-114.143449478119976,51.045887983789477],[-114.143029732193497,51.046446306841126],[-114.142991328272231,51.050547014885176],[-114.142962769745637,51.05054717969702],[-114.142985192378589,51.05227445849826],[-114.141178468875324,51.052268101899429],[-114.141187040170792,51.055705732351342],[-114.140955474158105,51.055663341298335],[-114.139546925148096,51.055563404383363],[-114.138824388582677,51.055458170930223],[-114.137966111722051,51.05524631858745],[-114.13738956322328,51.055045034004962]]]]}},
{"type":"Feature","properties":{"fid":73,"ed_num":18,"ed_name":"Calgary-Mountain View"},"geometry":{"type":"MultiPolygon","coordinates":[[[[-114.09493965023151,51.07469388883392],[-114.094577674725059,51.074672117559608],[-114.090735569484337,51.073064553256849],[-114.089244115899362,51.073077030330438],[-114.079462311060198,51.079268406728048],[-114.07948384368575,51.080071316597341],[-114.079843942211312,51.080476018302285],[-114.079943840748058,51.080703418933304],[-114.079950537453826,51.081504220896385],[-114.071580835586886,51.081528512216835],[-114.067512335407287,51.081507312415745],[-114.067473626265937,51.066930684351128],[-114.050798925478489,51.066941021322656],[-114.042484487631114,51.066999239195205],[-114.031694023029956,51.06698966171605],[-114.028939496414637,51.066966802418982],[-114.027007139162748,51.066917472515648],[-114.027209610135671,51.065521806760614],[-114.027162579196286,51.064521702469804],[-114.026948244439538,51.063934371854209],[-114.026578884806128,51.063174369515444],[-114.025370648063031,51.061350532630193],[-114.023959519441192,51.059603140691308],[-114.020789213249643,51.055952639997926],[-114.020066244889946,51.054823397661551],[-114.019343232491167,51.053505923701984],[-114.018928001023809,51.052361353725246],[-114.017830554683229,51.048944437399349],[-114.017515806137638,51.048235734285129],[-114.017089016836351,51.047617528145373],[-114.016773245891443,51.047266870104067],[-114.015654496888217,51.046459169143787],[-114.014511036593262,51.045911441832651],[-114.011906918693086,51.044814396413557],[-114.012218586762842,51.042355799953327],[-114.012504677558738,51.042364026106135],[-114.012930277642141,51.04244325238313],[-114.013311749216271,51.042561317634721],[-114.01347463295491,51.04264120201438],[-114.013834627480804,51.042980202010952],[-114.014294349811507,51.04324479063353],[-114.01468315121042,51.043370641853684],[-114.014837562891856,51.043474029474666],[-114.014918808278125,51.043598931938277],[-114.015052589138335,51.043702765181891],[-114.015237125185962,51.04377002326769],[-114.015682008546079,51.043858062577584],[-114.016194164111937,51.043909617955975],[-114.018233852610692,51.043915439662669],[-114.01869509106622,51.043796858730261],[-114.019193865422395,51.043714878549629],[-114.019787438191642,51.043550201146097],[-114.020696520944156,51.043208157003853],[-114.02272629232607,51.042638769418957],[-114.024085877844939,51.042420221574325],[-114.024578251049107,51.042376054593767],[-114.026187532490525,51.042329514016195],[-114.02785754249868,51.042321999849015],[-114.028936347218817,51.042397550269996],[-114.03109592321789,51.042753191267543],[-114.034924331422275,51.043745674937853],[-114.036069847580322,51.043973482985912],[-114.0368629315589,51.044036677582497],[-114.03826073268084,51.044474923982641],[-114.039351757863031,51.044733623322209],[-114.041248324834129,51.045236573748973],[-114.041474267775172,51.045385781526676],[-114.041543660887214,51.045479098208716],[-114.041872551786724,51.045637575302663],[-114.042148338006783,51.045830866365968],[-114.043116413791097,51.046154254167512],[-114.045456327368242,51.046748984963379],[-114.046082765465158,51.047096972652405],[-114.046784899611524,51.047394057020568],[-114.048271374579286,51.047941775185919],[-114.048598684391067,51.048111046479683],[-114.049360728926644,51.048374028432505],[-114.050380662309408,51.048854159074224],[-114.051692833085625,51.049341800531693],[-114.052030993428573,51.049503769767746],[-114.054294301429735,51.050314289394144],[-114.054912086328528,51.050492128503336],[-114.057475285582456,51.05096723496213],[-114.059463201928608,51.051429940879665],[-114.060226118802618,51.051580025747533],[-114.061064010857194,51.051846982375665],[-114.062489542457442,51.052397016360466],[-114.062631110824498,51.052478648979275],[-114.064105332418862,51.053042864516129],[-114.06425909352312,51.053127413094188],[-114.064372746241091,51.053239374993225],[-114.064420506997919,51.053379929341716],[-114.064271404511885,51.053608530299883],[-114.064445275589861,51.053856130798735],[-114.064882818609007,51.054314732065201],[-114.065047393486168,51.054572874613932],[-114.065694394245909,51.055274837677338],[-114.066097414705624,51.055568289624993],[-114.066311299088554,51.055799871427624],[-114.066567770357153,51.056004135711348],[-114.066884253633617,51.056178942494881],[-114.067578157102147,51.056486691401737],[-114.068216899042341,51.05665840097501],[-114.068755648703018,51.056709401742147],[-114.070483047794355,51.056771790071146],[-114.070971280888742,51.056715040718522],[-114.073108879905334,51.056222260484176],[-114.075564332767229,51.055180523874967],[-114.076740992051612,51.054621433596644],[-114.07732990192504,51.054255020632674],[-114.077688019553989,51.05391796193949],[-114.07773305778332,51.053753774636441],[-114.077723973813434,51.053684729420773],[-114.077505619166686,51.053644657608899],[-114.077294179954407,51.053688716464421],[-114.077203030992663,51.053594832257332],[-114.077246876720423,51.053467948654934],[-114.077453521824836,51.053418863610652],[-114.077708954350371,51.053447141654445],[-114.078138703491277,51.053548161745454],[-114.078406781256831,51.05356872294125],[-114.078612573930698,51.053520691590883],[-114.080146749747485,51.052651568099087],[-114.080373001678197,51.052625304658818],[-114.0805940984838,51.052642181428418],[-114.081132880244965,51.052437613694721],[-114.081732506846109,51.052277233590246],[-114.082866978090465,51.051887775802228],[-114.083018327462284,51.051800085740503],[-114.083658534725473,51.051087234538599],[-114.083903741400292,51.050869401251532],[-114.08399772077216,51.050738181424826],[-114.084042063201736,51.050572877889067],[-114.084311669881671,51.050373155490284],[-114.084639056196821,51.05021156137029],[-114.085376875686833,51.049945174070558],[-114.087410456831805,51.049396249857075],[-114.08875016736306,51.048971662032969],[-114.089569934909861,51.048775003949132],[-114.090679341868992,51.0483743833299],[-114.091536712033488,51.04798893857258],[-114.092172743986993,51.047844281621131],[-114.093109649554165,51.047727714954036],[-114.094168020600165,51.047500283048791],[-114.094652492493594,51.04744601887306],[-114.095510952542114,51.047460613267489],[-114.100656038240032,51.047714601720415],[-114.103739359961878,51.047775074092286],[-114.105046567492352,51.047901417944594],[-114.105888722616115,51.047947902381331],[-114.108173825261218,51.047991872183317],[-114.109341817877038,51.047831698765393],[-114.109745287589902,51.047716317130813],[-114.110293346692274,51.047501097660088],[-114.110957138525592,51.047171031684307],[-114.111726649161454,51.046924986524516],[-114.112365914186682,51.046771122465657],[-114.113065931724705,51.046652232025366],[-114.11400944722557,51.046537858301782],[-114.114296648329713,51.04654378764333],[-114.116083104285948,51.046754065048781],[-114.116745593501577,51.046919743584603],[-114.117500451955749,51.047036963841869],[-114.119670796089224,51.047610767934003],[-114.121013152384648,51.048112106352761],[-114.122360213110738,51.048768930090198],[-114.122443773980251,51.048893916625282],[-114.122471696408226,51.049049091440899],[-114.122891760708328,51.049154505958739],[-114.122867508828605,51.049296098697525],[-114.122742896724475,51.049404177189388],[-114.122391960577914,51.049271717721133],[-114.122282101778069,51.049313685947759],[-114.122350204585643,51.049449562448167],[-114.12259448284486,51.049658718569475],[-114.1230396315121,51.050275398408722],[-114.123256656704712,51.050685070257799],[-114.124038747292218,51.051448362995679],[-114.12492982124941,51.051999158948256],[-114.125450511769984,51.052231746550653],[-114.126280428283565,51.052474727858495],[-114.128116887649583,51.053200697059701],[-114.129238321251393,51.053450252488133],[-114.129467907870065,51.053524821615177],[-114.127942057558698,51.054923807041931],[-114.12788011232071,51.054907616676786],[-114.127890805326672,51.059576223675919],[-114.128479770120038,51.059587536046919],[-114.127966943387875,51.059733693354225],[-114.127605593595419,51.059754374268145],[-114.127310761079173,51.059712770525884],[-114.125834326106727,51.059284649533573],[-114.125726521126737,51.059442427043365],[-114.124787464119009,51.059443963031768],[-114.124209912439738,51.059653129875315],[-114.123059681842776,51.059460158416975],[-114.123059701083974,51.059419093426136],[-114.122772757212985,51.059419062221863],[-114.122772644662533,51.059619065775664],[-114.118022237403949,51.059625983267928],[-114.117919609647927,51.063594577988518],[-114.117943796545291,51.066970692066498],[-114.112492205891471,51.066989294499258],[-114.106314466546976,51.066964978092933],[-114.106332204237987,51.067838392827696],[-114.104595086586883,51.06783382240075],[-114.104621173237064,51.074274830648605],[-114.106320375362102,51.074271932068086],[-114.106324651255193,51.078410820104963],[-114.097787030094707,51.078397038254835],[-114.09493965023151,51.07469388883392]]]]}},
{"type":"Feature","properties":{"fid":74,"ed_num":5,"ed_name":"Calgary-Cross"},"geometry":{"type":"MultiPolygon","coordinates":[[[[-113.91173152319756,51.096078896110257],[-113.911746787499126,51.066819518822584],[-113.930413234029643,51.066872934911075],[-113.935060501477835,51.066984769048538],[-113.935122217553285,51.052630357948495],[-113.935165064266727,51.052427108000295],[-113.941861877410176,51.052422291990197],[-113.946374206610358,51.052455318105977],[-113.947110822067643,51.052566778571283],[-113.948010020827127,51.052842751369766],[-113.950742524758283,51.053764115672465],[-113.951644923065032,51.053900329012151],[-113.951959004290273,51.053903146339309],[-113.952995726735196,51.053819266562662],[-113.958467352472141,51.05285754934124],[-113.972796814760244,51.05283217660017],[-113.975564194419007,51.05267043305232],[-113.976935396544903,51.052547145033543],[-113.978762661946917,51.052427827962823],[-113.98168493919394,51.052027814137965],[-113.981737150780901,51.081501987772469],[-113.958438089212635,51.081543899233708],[-113.935129839258721,51.081543362217047],[-113.935168895651785,51.096071337745961],[-113.933158136039921,51.096090368444322],[-113.929015725744577,51.096072962829105],[-113.92847537614449,51.096096677183645],[-113.924800285175735,51.096449920135896],[-113.922597747903367,51.096604341071568],[-113.920413096285515,51.096702649113077],[-113.919415642210325,51.096717126402709],[-113.917835648377348,51.09670251023298],[-113.915368342234927,51.096529799454594],[-113.913264943096948,51.096274117547559],[-113.912606188874804,51.096166102782739],[-113.91173152319756,51.096078896110257]]]]}},
{"type":"Feature","properties":{"fid":75,"ed_num":15,"ed_name":"Calgary-Klein"},"geometry":{"type":"MultiPolygon","coordinates":[[[[-114.07948429351012,51.080071823029463],[-114.079462311060198,51.079268406728048],[-114.089244115899362,51.073077030330438],[-114.090735569484337,51.073064553256849],[-114.094577674725059,51.074672117559608],[-114.09493965023151,51.07469388883392],[-114.097787030094707,51.078397038254835],[-114.106324651255193,51.078410820104963],[-114.10632036319025,51.079533838379746],[-114.106414163084636,51.079860038654765],[-114.106544462278251,51.08006113935491],[-114.106896662275702,51.080366739853247],[-114.108534662183956,51.081576542820095],[-114.109439260522151,51.082642344312866],[-114.110191559433872,51.083632446507785],[-114.110266959304099,51.083796146848464],[-114.109355453172483,51.087191649737228],[-114.106395954666169,51.092746870437836],[-114.103308021707122,51.092018644617319],[-114.102165626963327,51.091699891185009],[-114.098985617101349,51.090693800967237],[-114.096754405369921,51.090085865143656],[-114.095803239809371,51.089854337026694],[-114.094781565968532,51.089711149403961],[-114.094747561219776,51.091770000025562],[-114.094781576728877,51.098023487754055],[-114.094729961227301,51.098565562958861],[-114.094505684709873,51.099545447480487],[-114.093909676896558,51.100651612184343],[-114.093196133215386,51.1014727085944],[-114.092416969883757,51.102102618134914],[-114.091322773461783,51.10285309868879],[-114.088671355115096,51.104149896878532],[-114.087178182797217,51.104964874304422],[-114.086387495929401,51.105527003025642],[-114.085845496185556,51.10596191140197],[-114.08488352804261,51.106884339861018],[-114.084123597227673,51.107963336370744],[-114.083613379614022,51.108863460837092],[-114.083497699897336,51.109163366550284],[-114.081643368084528,51.108905284019457],[-114.081031659274487,51.108916190195977],[-114.080180379840641,51.109050903616662],[-114.079613068837531,51.109234652492624],[-114.079073611464764,51.109482124716521],[-114.078807987334258,51.109660718102774],[-114.078455309763072,51.109971343720559],[-114.077788002889349,51.110809145542447],[-114.077515900276524,51.111045245100733],[-114.077174698063246,51.111243545539182],[-114.076792997168269,51.111404945879251],[-114.076269794230313,51.111544745654555],[-114.075737892175965,51.111594346115474],[-114.075195789757629,51.111580846157572],[-114.074558888650259,51.111483946097358],[-114.073984688218232,51.11129864595808],[-114.073266189507308,51.110911845453494],[-114.07283396594454,51.110721185823444],[-114.072311465178998,51.110638482188854],[-114.071475915972741,51.110608282434384],[-114.049852468250933,51.110591718383681],[-114.04893793804068,51.110618941930177],[-114.047072031943671,51.110617562605171],[-114.047071391727499,51.109566540939234],[-114.046999165535581,51.108666219169208],[-114.046683556146093,51.106364328383748],[-114.046392468264401,51.105076621253254],[-114.045860441876144,51.103372784244222],[-114.045666028055592,51.102899908669052],[-114.045275445445583,51.102039830925698],[-114.044553527099723,51.100748600249673],[-114.04391352182428,51.099886479256043],[-114.041478275740602,51.096995952574446],[-114.040860704412722,51.096135115319321],[-114.030709350416757,51.096078758319187],[-114.030011519161746,51.095995228254289],[-114.029327593787428,51.095874283468056],[-114.028827298807869,51.095726042691297],[-114.02823700596106,51.095505009778783],[-114.027625352996466,51.095211753397905],[-114.027331875343492,51.095022001152955],[-114.025824828649831,51.093784728774189],[-114.025395621634985,51.093521798516321],[-114.024553024933667,51.093179687875953],[-114.024104430797664,51.093045987990493],[-114.023688913018887,51.092959851446217],[-114.023344230894395,51.092903429789317],[-114.022588792383516,51.092838167122999],[-114.020065149518203,51.092799625947443],[-114.001813569794422,51.092784709525091],[-114.001485223919559,51.092815355296885],[-113.999944286891122,51.092831352053167],[-113.998751305866023,51.092979635418558],[-113.998016155347088,51.093117423765406],[-113.990900368339553,51.095217509336365],[-113.990210286244789,51.095384453467886],[-113.989108091675149,51.095562238660001],[-113.988145355037787,51.095640360518736],[-113.98174012621827,51.095849856326637],[-113.981714236952442,51.076613752735256],[-113.981748099282441,51.07262849878002],[-113.981698003713333,51.066959396688127],[-113.981686793891811,51.052115392516058],[-113.981575345433399,51.045157398006715],[-113.981657041331459,51.043985895285296],[-113.981611266470878,51.037848293510805],[-113.993901946035692,51.037804962768675],[-113.994876654967911,51.037677173705049],[-113.997630348959518,51.037183353113157],[-113.998711834210837,51.037110919245052],[-114.002667179482074,51.037036105631373],[-114.006730954690227,51.037036490139968],[-114.010139051923815,51.036982288621367],[-114.013673553878334,51.037447317603409],[-114.013513207146062,51.037900465812832],[-114.013268478249984,51.038302292337583],[-114.012954930397527,51.038654421529749],[-114.012387576855232,51.038850026909451],[-114.012238924439316,51.038936310930978],[-114.012004345003149,51.039182523807177],[-114.011879055699836,51.039448382778467],[-114.011755112674521,51.039553227665543],[-114.011439236672146,51.039726691172852],[-114.010786488413785,51.040241943672413],[-114.010276895338848,51.04050374337875],[-114.010229514690764,51.040661161973041],[-114.010276082725454,51.040804691655993],[-114.010733767704679,51.041476113204176],[-114.011061928643372,51.042171785453],[-114.011194445779608,51.042280153020414],[-114.011445923110799,51.042333579669794],[-114.012218586762842,51.042355799953327],[-114.011906918693086,51.044814396413557],[-114.014511036593262,51.045911441832651],[-114.015654496888217,51.046459169143787],[-114.016773245891443,51.047266870104067],[-114.017309337907022,51.047898058916381],[-114.017515806137638,51.048235734285129],[-114.017830554683229,51.048944437399349],[-114.018928001023809,51.052361353725246],[-114.019343232491167,51.053505923701984],[-114.020066244889946,51.054823397661551],[-114.020789213249643,51.055952639997926],[-114.023959520849587,51.059603141602686],[-114.025370648063031,51.061350532630193],[-114.026578884806128,51.063174369515444],[-114.026948244439538,51.063934371854209],[-114.027162579196286,51.064521702469804],[-114.027209610135671,51.065521806760614],[-114.027007139162748,51.066917472515648],[-114.028939496414637,51.066966802418982],[-114.031694023029956,51.06698966171605],[-114.042484487631114,51.066999239195205],[-114.050798925478489,51.066941021322656],[-114.067473626265937,51.066930684351128],[-114.067512335407287,51.081507312415745],[-114.071580835586886,51.081528512216835],[-114.079950537453826,51.081504220896385],[-114.079943840748058,51.080703418933304],[-114.079843942211312,51.080476018302285],[-114.07948429351012,51.080071823029463]]]]}},
{"type":"Feature","properties":{"fid":76,"ed_num":3,"ed_name":"Calgary-Bow"},"geometry":{"type":"MultiPolygon","coordinates":[[[[-114.234415481645939,51.052425427183152],[-114.234407588861728,51.059892593696041],[-114.234335615411666,51.059847438339645],[-114.234335897583918,51.060425819542651],[-114.234409782566388,51.060472066098733],[-114.234415710478515,51.066471050367916],[-114.234342687852759,51.067274549732048],[-114.234355894178847,51.081505486852642],[-114.258281063970557,51.08154632565256],[-114.258279854403099,51.078799959200133],[-114.259581377833996,51.07918708304652],[-114.261661988198753,51.079329095050305],[-114.264960510082261,51.080894474810812],[-114.267050760240636,51.080894123030731],[-114.26705152171543,51.079616802437997],[-114.26719511870246,51.079027699985559],[-114.268057862709824,51.079594014000747],[-114.269089622387213,51.079787930782103],[-114.269085776794228,51.081520120255895],[-114.280832506359545,51.081493623332968],[-114.292318260005729,51.081502190953636],[-114.292316753541499,51.096128280111209],[-114.280824533778883,51.096114494693936],[-114.280818257854875,51.100567556669404],[-114.276040260480386,51.100416292405612],[-114.273958991539914,51.100409150811089],[-114.271900692670798,51.100355944857114],[-114.271004375311634,51.100362862328403],[-114.2705977306249,51.100393990875439],[-114.269478773683261,51.100613670187435],[-114.269058005364457,51.100638876545439],[-114.267760727526749,51.100577567014973],[-114.267239630099795,51.100639316777126],[-114.266936933200597,51.100708581530391],[-114.265539169355293,51.10137195055367],[-114.264668504076965,51.101649525005634],[-114.263975645266214,51.101818881638351],[-114.263486084416257,51.101846674558871],[-114.262235031284561,51.102021469084249],[-114.260879721561267,51.102154818151909],[-114.258853390451378,51.102284671146798],[-114.258124041500778,51.102281412317708],[-114.257644693318426,51.102225231516378],[-114.256813414723908,51.102038869482151],[-114.255770394999189,51.101868611751947],[-114.254001967138251,51.101513886920394],[-114.25236080444536,51.101247828602432],[-114.251658153063445,51.100972750651998],[-114.250772436195064,51.100721555952227],[-114.249651615666977,51.100448968260736],[-114.249416583865624,51.100348084085304],[-114.24916448636715,51.10014574219899],[-114.248580447920673,51.100034116067285],[-114.248210989173316,51.099921922630507],[-114.246759658815535,51.099296526459604],[-114.245723004001718,51.098749764290325],[-114.245535210663306,51.098624467218116],[-114.245242242738016,51.098318821939394],[-114.244976164326161,51.098132330726166],[-114.244272937332468,51.097810123639718],[-114.243232801448158,51.097533795385488],[-114.242245996425652,51.097412944642507],[-114.240741357748675,51.097148958318492],[-114.239735802415765,51.097014887301235],[-114.237755040856072,51.096892953202918],[-114.235954630681761,51.096908747938087],[-114.235207578636761,51.096942342358219],[-114.234318554024767,51.097073477665191],[-114.234116063654028,51.097178627035092],[-114.232932709420197,51.097428729928005],[-114.230758599314058,51.098140572981109],[-114.229166199905634,51.098807958290067],[-114.228867167951194,51.098875596211855],[-114.228695501967778,51.098882770650924],[-114.225368445083177,51.098649004339357],[-114.222017890773671,51.098555770485703],[-114.216544748260148,51.098551987826852],[-114.215619566851259,51.098599735342134],[-114.213859436481812,51.098608974633741],[-114.211771287510572,51.098526948978353],[-114.210221079611429,51.098396677186656],[-114.209830285608192,51.098291316187947],[-114.20871976175637,51.098260206086628],[-114.207352449816028,51.09803923979036],[-114.206738238476632,51.097914976564212],[-114.204799479219716,51.097360809792654],[-114.204099928098231,51.09719899771099],[-114.203735845002171,51.097196539832176],[-114.201972214356843,51.097383452176608],[-114.199514137607537,51.097877282057858],[-114.199052672972925,51.09793195341036],[-114.197977080291182,51.097961714207798],[-114.19607171315306,51.097956610282154],[-114.195009867816367,51.097891204112251],[-114.19397333976795,51.097777564462071],[-114.193191682491133,51.097646816116558],[-114.192603915303465,51.097495867617056],[-114.19139524532109,51.097044879497076],[-114.191058168316388,51.096889188361892],[-114.189572709947868,51.09600662491119],[-114.189178631528392,51.095621984799912],[-114.188733278386223,51.095054241311409],[-114.188503329894743,51.094821079673011],[-114.188305924143947,51.094403665578348],[-114.188154007218941,51.094318091712616],[-114.188050904150174,51.094197187828783],[-114.187967272624704,51.093881838450464],[-114.187899846557173,51.093737993735701],[-114.187787988959641,51.093626741928745],[-114.18759877006606,51.093020707731498],[-114.187318222472882,51.092473409296751],[-114.186639614228895,51.091413426759381],[-114.186230288067932,51.09057789598441],[-114.186132396525807,51.090454353889996],[-114.185981384386764,51.090367649925831],[-114.185566473533186,51.090255004885371],[-114.184438230198964,51.089847731610632],[-114.18187197959962,51.088861853287021],[-114.181548380403555,51.088695337319088],[-114.181007715616403,51.088479439551612],[-114.180542683520144,51.088219284690453],[-114.179730043545575,51.087996793559995],[-114.178838197287504,51.087456787434235],[-114.177351480528785,51.08671068254025],[-114.176817014656834,51.086488347624595],[-114.176245129819137,51.086290018240838],[-114.175424058289082,51.086063107497836],[-114.174530510786653,51.085690655091355],[-114.172764638660269,51.085121704875007],[-114.172562347557786,51.08506647235172],[-114.172058701767241,51.085013065486173],[-114.171662888747036,51.084894019842004],[-114.17074687556935,51.084734405533837],[-114.169921396282035,51.084515539383837],[-114.168762402580583,51.0843176349236],[-114.167559440678247,51.083967453064339],[-114.167212407902923,51.083815839677953],[-114.166853608430941,51.083493276833053],[-114.16672216279197,51.083214275892978],[-114.16668781457841,51.083051773168862],[-114.166712583897123,51.082694043786915],[-114.166796596165753,51.082372514513317],[-114.166962047598517,51.08210248129641],[-114.167718816535242,51.081467603790756],[-114.156854005204053,51.081413472895612],[-114.156827777784514,51.081477475111413],[-114.152202683637398,51.081456638543301],[-114.152158140754338,51.076089117501041],[-114.152064597713064,51.075352511027674],[-114.151921577170199,51.074782104501594],[-114.151719005060443,51.07424043456092],[-114.151408469969141,51.073632896356109],[-114.14807096370069,51.068845245073852],[-114.147877707240241,51.068323143269041],[-114.147943631247415,51.066964429565573],[-114.147815739151682,51.065209725132206],[-114.147892511061102,51.064833539628353],[-114.148066524906,51.064516945739122],[-114.148449759954303,51.064062435566029],[-114.149078408025318,51.063381947531376],[-114.151917842616555,51.060687505744554],[-114.151588827545055,51.060102599052733],[-114.151013550908033,51.05936075942212],[-114.150295222136847,51.058536565673705],[-114.149301158963809,51.057993905814882],[-114.146956398095924,51.056934560596439],[-114.145896946025474,51.056656153103923],[-114.145408358508689,51.056592501028582],[-114.144512378288965,51.056411751835526],[-114.143875061644792,51.056246789990823],[-114.141594397479778,51.055827587191153],[-114.141187040170792,51.055705732351342],[-114.141178468875324,51.052268101899429],[-114.142985192378589,51.05227445849826],[-114.142962769745637,51.05054717969702],[-114.142991328272231,51.050547014885176],[-114.143029732193497,51.046446306841126],[-114.143449478119976,51.045887983789477],[-114.163564476872878,51.052132539300644],[-114.164287106672077,51.05242002681026],[-114.165298748659183,51.053074466859471],[-114.16565014562137,51.053279923760002],[-114.165995062719645,51.053431502592943],[-114.166470244677228,51.053613388478382],[-114.167071031952005,51.053778338257743],[-114.167718969867977,51.053881659329726],[-114.168561468117431,51.053903131648127],[-114.169700899377929,51.053814192082761],[-114.171191532679714,51.053471701863621],[-114.177151969417068,51.052207456446716],[-114.178163285107871,51.05203803678188],[-114.179201349960721,51.051939410308201],[-114.179817152034602,51.051961387747326],[-114.181801358959731,51.052223540365446],[-114.184149271669398,51.052486008955071],[-114.18619636080976,51.052522442239493],[-114.189268260338892,51.052461442160016],[-114.234415481645939,51.052425427183152]]]]}},
{"type":"Feature","properties":{"fid":77,"ed_num":25,"ed_name":"Calgary-Varsity"},"geometry":{"type":"MultiPolygon","coordinates":[[[[-114.154480055000093,51.100925513031228],[-114.152879930303953,51.100095571594068],[-114.150188690733501,51.098439390318923],[-114.1494547369754,51.098028738597762],[-114.14275121602914,51.102595643201894],[-114.141839729476104,51.103355745938252],[-114.141382666380011,51.103806410919233],[-114.140934697938434,51.104630447906054],[-114.14074571676025,51.105315135578948],[-114.140579726726813,51.107351965765915],[-114.140252423166146,51.108580461558269],[-114.139994043805856,51.109065232489272],[-114.132654391189888,51.106000545867467],[-114.131051365076104,51.105259485193351],[-114.130290341421343,51.104871199699183],[-114.119230721366563,51.09862439367236],[-114.113987504034895,51.095261951322023],[-114.112357532985371,51.09431652997219],[-114.111622250043439,51.094025315763425],[-114.110585180809053,51.093703237460254],[-114.106395954666169,51.092746870437836],[-114.109355453172483,51.087191649737228],[-114.110266959304099,51.083796146848464],[-114.110191559433872,51.083632446507785],[-114.109439260522151,51.082642344312866],[-114.108534662183956,51.081576542820095],[-114.106896662275702,51.080366739853247],[-114.106544462278251,51.08006113935491],[-114.106414163084636,51.079860038654765],[-114.10632036319025,51.079533838379746],[-114.106320375362102,51.074271932068086],[-114.104621173237064,51.074274830648605],[-114.104595086586883,51.06783382240075],[-114.106332204237987,51.067838392827696],[-114.106314466546976,51.066964978092933],[-114.112492205891471,51.066989294499258],[-114.117943796545291,51.066970692066498],[-114.117919609647927,51.063594577988518],[-114.118022237403949,51.059625983267928],[-114.122772644662533,51.059619065775664],[-114.122772757212985,51.059419062221863],[-114.123059701083974,51.059419093426136],[-114.123059681842776,51.059460158416975],[-114.124209912439738,51.059653129875315],[-114.124787464119009,51.059443963031768],[-114.125726521126737,51.059442427043365],[-114.125834326106727,51.059284649533573],[-114.127310761079173,51.059712770525884],[-114.127605593595419,51.059754374268145],[-114.127966943387875,51.059733693354225],[-114.128479770120038,51.059587536046919],[-114.127890805326672,51.059576223675919],[-114.12788011232071,51.054907616676786],[-114.127942057558698,51.054923807041931],[-114.129467907870065,51.053524821615177],[-114.13000289481235,51.053726846877353],[-114.130599083066301,51.054100402138829],[-114.131685708016263,51.054559926467753],[-114.132284838763994,51.05474734010442],[-114.132973342406274,51.054880224437092],[-114.133487000442145,51.054944199062689],[-114.134302781621017,51.054989638487129],[-114.134800530037097,51.054951883284822],[-114.135085594334456,51.054963658008923],[-114.135510736994974,51.055071361634056],[-114.135770362720834,51.055079078125438],[-114.136181381890808,51.054976852665099],[-114.136302422398344,51.054870271780011],[-114.136479654567239,51.054855872211711],[-114.13738956322328,51.055045034004962],[-114.137966111722051,51.05524631858745],[-114.138824388582677,51.055458170930223],[-114.139546925148096,51.055563404383363],[-114.140955474158105,51.055663341298335],[-114.141594397479778,51.055827587191153],[-114.143875061644792,51.056246789990823],[-114.144512378288965,51.056411751835526],[-114.145408358508689,51.056592501028582],[-114.145896946025474,51.056656153103923],[-114.146956398095924,51.056934560596439],[-114.149301158963809,51.057993905814882],[-114.150295222136847,51.058536565673705],[-114.151013550908033,51.05936075942212],[-114.151588827545055,51.060102599052733],[-114.151917842616555,51.060687505744554],[-114.149078408025318,51.063381947531376],[-114.148066524906,51.064516945739122],[-114.147892511061102,51.064833539628353],[-114.147815739151682,51.065209725132206],[-114.147943631247415,51.066964429565573],[-114.147877707240241,51.068323143269041],[-114.14807096370069,51.068845245073852],[-114.148263664400957,51.069163560999094],[-114.151408469969141,51.073632896356109],[-114.151719005060443,51.07424043456092],[-114.151921577170199,51.074782104501594],[-114.152064597713064,51.075352511027674],[-114.152158140754338,51.076089117501041],[-114.152202683637398,51.081456638543301],[-114.156827777784514,51.081477475111413],[-114.156854005204053,51.081413472895612],[-114.167718816535242,51.081467603790756],[-114.166962047598517,51.08210248129641],[-114.166796596165753,51.082372514513317],[-114.166712583897123,51.082694043786915],[-114.16668781457841,51.083051773168862],[-114.166853608430941,51.083493276833053],[-114.166955719048104,51.083614167545079],[-114.167369441708175,51.083899865407837],[-114.168762402580583,51.0843176349236],[-114.169921396282035,51.084515539383837],[-114.17074687556935,51.084734405533837],[-114.171662888747036,51.084894019842004],[-114.172058701767241,51.085013065486173],[-114.172562347557786,51.08506647235172],[-114.172764638660269,51.085121704875007],[-114.174530510786653,51.085690655091355],[-114.175424058289082,51.086063107497836],[-114.176245129819137,51.086290018240838],[-114.176817014656834,51.086488347624595],[-114.177351480528785,51.08671068254025],[-114.178838197287504,51.087456787434235],[-114.179730043545575,51.087996793559995],[-114.180542683520144,51.088219284690453],[-114.181007715616403,51.088479439551612],[-114.181548380403555,51.088695337319088],[-114.18187197959962,51.088861853287021],[-114.184438230198964,51.089847731610632],[-114.185566473533186,51.090255004885371],[-114.185981384386764,51.090367649925831],[-114.186132396525807,51.090454353889996],[-114.186230288067932,51.09057789598441],[-114.186639614228895,51.091413426759381],[-114.187318222472882,51.092473409296751],[-114.18759877006606,51.093020707731498],[-114.187725743158126,51.093480818995253],[-114.187967272624704,51.093881838450464],[-114.188050904150174,51.094197187828783],[-114.188154007218941,51.094318091712616],[-114.188305924143947,51.094403665578348],[-114.188503329894743,51.094821079673011],[-114.188733278386223,51.095054241311409],[-114.189178631528392,51.095621984799912],[-114.189572709947868,51.09600662491119],[-114.191058168316388,51.096889188361892],[-114.19139524532109,51.097044879497076],[-114.192603915303465,51.097495867617056],[-114.193191682491133,51.097646816116558],[-114.19397333976795,51.097777564462071],[-114.195009867816367,51.097891204112251],[-114.19607171315306,51.097956610282154],[-114.197977080291182,51.097961714207798],[-114.199052672972925,51.09793195341036],[-114.199514137607537,51.097877282057858],[-114.201972214356843,51.097383452176608],[-114.203735845002171,51.097196539832176],[-114.204099928098231,51.09719899771099],[-114.204799479219716,51.097360809792654],[-114.206738238476632,51.097914976564212],[-114.207352449816028,51.09803923979036],[-114.20871976175637,51.098260206086628],[-114.209830285608192,51.098291316187947],[-114.210221079611429,51.098396677186656],[-114.210389497643618,51.098410810535619],[-114.20994309881975,51.100205953008398],[-114.209910702058636,51.100744855475575],[-114.210003006926982,51.101583557888972],[-114.210180410875225,51.102433260634072],[-114.211249029681497,51.104851427387835],[-114.211413348365994,51.104979503753739],[-114.211612729426491,51.105930371537006],[-114.211736425367306,51.1059526622372],[-114.211768782718067,51.10729822106795],[-114.211691881744642,51.108165979516521],[-114.211565300304727,51.108655714366741],[-114.210735961276427,51.111393029412504],[-114.210465179724636,51.11209525833938],[-114.209687517585266,51.113383081370856],[-114.209149536973953,51.113988834318228],[-114.202098837934543,51.120578462999489],[-114.186077840187437,51.113900544911644],[-114.167365023632158,51.106025486205489],[-114.165176369087433,51.105060859537097],[-114.161673312924208,51.103681269597672],[-114.157198251761301,51.102135688178677],[-114.156402798888365,51.101817180295932],[-114.154480055000093,51.100925513031228]]]]}},
{"type":"Feature","properties":{"fid":78,"ed_num":10,"ed_name":"Calgary-Falconridge"},"geometry":{"type":"MultiPolygon","coordinates":[[[[-113.911729394241192,51.125180108069301],[-113.91173152319756,51.096078896110264],[-113.912606188874804,51.096166102782739],[-113.913264943096948,51.096274117547559],[-113.915368342234927,51.096529799454594],[-113.917835648377348,51.09670251023298],[-113.919415642210325,51.096717126402709],[-113.920413096285515,51.096702649113077],[-113.922597747903367,51.096604341071568],[-113.924800285175735,51.096449920135896],[-113.92847537614449,51.096096677183645],[-113.929015725744577,51.096072962829105],[-113.933158136039921,51.096090368444322],[-113.935168895651785,51.096071337745961],[-113.935129839258721,51.081543362217047],[-113.958438089212635,51.081543899233708],[-113.981737150780901,51.081501987772469],[-113.981733880183441,51.099265641449151],[-113.981766901496414,51.101181087312064],[-113.981658045281421,51.102716991452468],[-113.981570482424573,51.103283681656414],[-113.981328567662516,51.104038176726121],[-113.980934889633943,51.104862280691243],[-113.980466097998544,51.105685728147208],[-113.979810578982423,51.106460256340753],[-113.976050731538848,51.110044893201568],[-113.974049491328699,51.111858686804013],[-113.97215550384928,51.111240193687728],[-113.971072741705441,51.110946942782796],[-113.970287792534336,51.110774524626272],[-113.969576378791871,51.110673681003746],[-113.968863915971482,51.11062011158937],[-113.955903646056015,51.11064684039912],[-113.935077670205771,51.11063040942939],[-113.935070527485564,51.110941085536481],[-113.93515329940314,51.111600126334658],[-113.935089087362826,51.114072468593278],[-113.929352281841943,51.114093319908456],[-113.929211381666164,51.114123819675441],[-113.928380279662264,51.114540419083994],[-113.927150176183446,51.115200918264733],[-113.927112669795591,51.116641017997104],[-113.927162261585053,51.11894071696414],[-113.927177560584099,51.119219116623619],[-113.927254759931756,51.119481316989685],[-113.927426759198966,51.119698417028992],[-113.92769915808239,51.11992351674396],[-113.930513351806482,51.122099618849099],[-113.930782251243301,51.122351618654122],[-113.930962551129014,51.122668319348627],[-113.930958750647008,51.122979819113894],[-113.930873350129374,51.123180519010667],[-113.930193647344666,51.123964018987301],[-113.930001946460209,51.124345918489908],[-113.929957275305355,51.125206867061102],[-113.926223439309823,51.125181412614815],[-113.911729394241192,51.125180108069301]]]]}},
{"type":"Feature","properties":{"fid":79,"ed_num":8,"ed_name":"Calgary-Edgemont"},"geometry":{"type":"MultiPolygon","coordinates":[[[[-114.139570985835547,51.109790450549653],[-114.140252423166146,51.108580461558269],[-114.140491930699369,51.107764983572018],[-114.140618700276733,51.10697894576753],[-114.14068959945584,51.105748565633533],[-114.14083182217928,51.104992909412793],[-114.140934697938434,51.104630447906054],[-114.141382666380011,51.103806410919233],[-114.141839729476104,51.103355745938252],[-114.14275121602914,51.102595643201894],[-114.1494547369754,51.098028738597762],[-114.150188690733501,51.098439390318923],[-114.152879930303953,51.100095571594068],[-114.154480055000093,51.100925513031228],[-114.156402798888365,51.101817180295932],[-114.157898676246276,51.102392970028042],[-114.161673312924208,51.103681269597672],[-114.165176369087433,51.105060859537097],[-114.167365023632158,51.106025486205489],[-114.186077840187437,51.113900544911644],[-114.202098837934543,51.120578462999489],[-114.187045826785806,51.134635097795282],[-114.185662322710527,51.135971425039635],[-114.185003150720149,51.136957067955336],[-114.18408370244525,51.138834984813066],[-114.183813939651756,51.139268932940951],[-114.183474182933509,51.139704260817453],[-114.182917984326693,51.140307187845814],[-114.18196009046234,51.141140366335144],[-114.176830600468179,51.138698399953967],[-114.176066154374141,51.138364141007948],[-114.175409910474684,51.138134495726632],[-114.174342558904215,51.137815399019438],[-114.173082652034495,51.137494930075711],[-114.171710862508689,51.137277511327703],[-114.17063952433638,51.137183372116013],[-114.169512549514366,51.137123446746998],[-114.168439352229868,51.137133130391767],[-114.167227360384686,51.137211053497047],[-114.166290152918023,51.137308231321235],[-114.164363719458635,51.137656534937761],[-114.165460214880667,51.139085171117792],[-114.167364919584756,51.141798999642234],[-114.167737953032969,51.142476717790693],[-114.168201134366072,51.144262869238887],[-114.168237179085892,51.145318992471999],[-114.168173123231455,51.145820506244775],[-114.167376627820843,51.148792034655408],[-114.166944857439574,51.149844825675473],[-114.166660326583539,51.150362076633343],[-114.16559109954909,51.151898991566249],[-114.161799386707202,51.152175079384691],[-114.159918795838422,51.152270810544074],[-114.157248319714654,51.152390611122073],[-114.153962507127417,51.152486037960728],[-114.148909665288429,51.152508945979314],[-114.14613120863406,51.152488688284294],[-114.140563072336974,51.152373577055727],[-114.139950390611119,51.151306804780681],[-114.139243189973328,51.150344399303279],[-114.138821589009297,51.14987629634161],[-114.137592647441281,51.148806968469849],[-114.136441365461209,51.148018602598533],[-114.135581343717774,51.147575331735325],[-114.134296819456694,51.147039541583517],[-114.133026621043541,51.146583282598556],[-114.127488329622125,51.14475470485911],[-114.126861089497893,51.144531564693906],[-114.1259215510037,51.144127350483473],[-114.124702808592204,51.143462864558209],[-114.123572914914348,51.142675201081659],[-114.122928029053497,51.142048481671111],[-114.12230094320833,51.14128738294599],[-114.122017459518801,51.140870400150433],[-114.121706610255245,51.140279549869263],[-114.121341026766729,51.139340966705348],[-114.121227333801869,51.1388673694183],[-114.121147059132682,51.138249306521971],[-114.121148035460919,51.13739065702768],[-114.121201730617827,51.136985851340391],[-114.121301607995065,51.136571745094791],[-114.121689744802794,51.135513399209664],[-114.122054478497333,51.134879380384533],[-114.122730786220103,51.133987206847948],[-114.12323092280252,51.133489269997462],[-114.124057033649621,51.13278151879571],[-114.125112908619911,51.132085130049624],[-114.126135540661139,51.13152355497683],[-114.129385984616562,51.129907671109606],[-114.129990234357734,51.129574494319556],[-114.13076601038739,51.129088226016073],[-114.131512376978066,51.128534198941004],[-114.131995758458444,51.128103636759747],[-114.132733267900846,51.127324336743094],[-114.133382047730109,51.126449827737751],[-114.134011768736755,51.125411328497023],[-114.134261868391803,51.124780042705666],[-114.134439396638641,51.123781662935471],[-114.134484557229356,51.122782301676516],[-114.133837468816182,51.117745708755542],[-114.133819725478148,51.117279052954466],[-114.133829697685385,51.116745955590773],[-114.133919072442993,51.116213445359691],[-114.134142029193242,51.115615278006899],[-114.134766012004661,51.114572165743944],[-114.13533895541876,51.113891325014855],[-114.136523991040619,51.112800412650522],[-114.137842228598288,51.111660485358762],[-114.138731696707154,51.110800633740176],[-114.139570985835547,51.109790450549653]]]]}},
{"type":"Feature","properties":{"fid":80,"ed_num":21,"ed_name":"Calgary-North West"},"geometry":{"type":"MultiPolygon","coordinates":[[[[-114.280818294064773,51.100574431727459],[-114.28082155378992,51.101187239589201],[-114.281384900886451,51.101193194719734],[-114.282627531176971,51.101319783716555],[-114.282501492904274,51.101560074753166],[-114.282437880623974,51.102318618419233],[-114.28237081726337,51.103247770104758],[-114.282379565545639,51.103828862200913],[-114.28243211373406,51.10390858444449],[-114.284353937228047,51.104363683817979],[-114.285611495446403,51.104741858986202],[-114.287114990412391,51.10537429911124],[-114.287725775247381,51.105573493239639],[-114.288062762884451,51.105745106831222],[-114.288226213823847,51.105881454617425],[-114.288846354660905,51.106589250442411],[-114.289433895655591,51.10753890370799],[-114.289854243658411,51.108610157871276],[-114.290025262671591,51.109193630430703],[-114.290123469156114,51.109760727690549],[-114.290134495994366,51.110509523151777],[-114.290030102582577,51.111115317701994],[-114.289680259008804,51.112204694292153],[-114.289516355892133,51.112907805454803],[-114.288646618132674,51.115013216671819],[-114.288383650327319,51.115823831311317],[-114.288353670325876,51.116176258567087],[-114.288461986561614,51.116608536216361],[-114.288894566172814,51.117673254239108],[-114.28920468041278,51.118260796596871],[-114.289665595153863,51.118854629107702],[-114.290325398614982,51.119406377463328],[-114.290829113083404,51.119888210014516],[-114.292953183513404,51.12133549416037],[-114.294204819749353,51.122035843880759],[-114.294533599349762,51.122184089345758],[-114.294972940070252,51.122324392112056],[-114.295174114368876,51.122432657050446],[-114.295598661356181,51.122813095713745],[-114.295790609310799,51.122929050517413],[-114.296050989430739,51.123010025502118],[-114.2963759560363,51.123042573142605],[-114.297126748804857,51.123039276587058],[-114.297278296836097,51.123075715473249],[-114.297483987198888,51.123194238367248],[-114.297628050856829,51.123370857133899],[-114.297553464079655,51.123664406917165],[-114.297549456691186,51.124017104210871],[-114.297470419041375,51.124202040168129],[-114.297254244904707,51.12442337602554],[-114.297042780369168,51.124525678662316],[-114.297003811948002,51.12459879564566],[-114.297240038129843,51.124638821089071],[-114.297470708009286,51.12452873672062],[-114.297710876590457,51.124331420115368],[-114.29786239887207,51.123944348490916],[-114.298048404195569,51.123695342047988],[-114.2982157601881,51.12355685791988],[-114.298342869311682,51.123503263667139],[-114.298487862310012,51.123496503021208],[-114.29867500406101,51.123623896009299],[-114.298939105827856,51.12408456849959],[-114.299097770509491,51.124260994058488],[-114.299292828444507,51.124394219742712],[-114.300825063849231,51.125054304730099],[-114.30206020941155,51.125451007537187],[-114.302919592964528,51.125766963049891],[-114.303344289681192,51.125876550359919],[-114.303945307458235,51.125960666178834],[-114.304701227026598,51.126216801371015],[-114.305377586739709,51.126504917829884],[-114.305860054791339,51.126782880063544],[-114.306476768547881,51.127296905831201],[-114.306871777890237,51.127680177493481],[-114.307317407882863,51.1282450496293],[-114.30779777900284,51.128583953126949],[-114.308006441765301,51.12881440472961],[-114.308500444559684,51.129516103306209],[-114.308629384544588,51.129858954976683],[-114.308850592321406,51.130870182734704],[-114.308899179572521,51.132048307473731],[-114.308988985170188,51.132246720655154],[-114.309311801927137,51.132664160576859],[-114.309559656733299,51.133202573989259],[-114.310109102705908,51.133979414684688],[-114.310911441922443,51.134951841935987],[-114.310942131523831,51.135047726317545],[-114.310841452623421,51.135226429658935],[-114.310827826434618,51.135334778706365],[-114.311852869366575,51.136265606822356],[-114.312676602705594,51.137233435620274],[-114.313366331693445,51.137795908014539],[-114.314014751634303,51.138458942794259],[-114.314321221476561,51.138653911367825],[-114.315032675046183,51.138983093578751],[-114.315249763703449,51.139126771462792],[-114.315775120172006,51.13967837318868],[-114.295410014532862,51.139623807221255],[-114.295414159728125,51.139196509850194],[-114.295539799083159,51.139120792882153],[-114.296840948573944,51.139122675689741],[-114.296842446419888,51.138243860428652],[-114.295368274283206,51.137716770497065],[-114.294530468933786,51.137022047316933],[-114.293710061120962,51.136547878579755],[-114.2927846537021,51.136146523836608],[-114.291783328580991,51.135792130193479],[-114.291815587490746,51.135656710796489],[-114.290873665423987,51.134195868380466],[-114.289547155161316,51.132399464802589],[-114.288480982427558,51.13142467587177],[-114.288077971416584,51.131315443849992],[-114.289154868732211,51.130637159197477],[-114.289553420354167,51.129705402108371],[-114.288896619816455,51.129019343915857],[-114.287749160023424,51.12879115084116],[-114.286593845799842,51.128928984231884],[-114.285245638985813,51.126317841290245],[-114.284520309768354,51.125742507163288],[-114.283379826571675,51.125342185711929],[-114.280533407412889,51.125342804301368],[-114.280534047736865,51.125006152266614],[-114.280386047362654,51.125006133105728],[-114.280386556102769,51.117868399291403],[-114.280386565917112,51.117824521824303],[-114.280534431305526,51.117824489994405],[-114.280534797343847,51.114527593946768],[-114.274007006344547,51.114531181667616],[-114.274006278155653,51.110553716063976],[-114.269061484374433,51.110556431666424],[-114.269063569464208,51.116608205261578],[-114.268933013982164,51.116608133828926],[-114.268741485270411,51.116204378406387],[-114.268430130124969,51.11583343010625],[-114.268128394216063,51.115587351952243],[-114.267758272751138,51.115363247682403],[-114.267309955901894,51.115165357101688],[-114.266812200298574,51.11501373650173],[-114.266267664399905,51.114912768975714],[-114.265718768545227,51.114870258795861],[-114.26519071734208,51.114882019962423],[-114.264667104587957,51.114945497254119],[-114.261758834209459,51.11557390944408],[-114.26143347866136,51.115613173864361],[-114.260914459682525,51.115565341334722],[-114.26006536349459,51.115287766952406],[-114.259367279826307,51.11513065776785],[-114.258848318360307,51.116319670780442],[-114.259287930341074,51.116419644661001],[-114.259923582580342,51.116637599979278],[-114.260348891871246,51.116746574683866],[-114.26089246556873,51.116826426627384],[-114.261430464303402,51.116846816083005],[-114.262278122602453,51.116763375444229],[-114.264705638894185,51.116236911351081],[-114.264705531298304,51.119937303072582],[-114.269064469867402,51.119938958968518],[-114.269065230957324,51.122705204369687],[-114.264707505883152,51.12270418364664],[-114.264708294731335,51.124957867930732],[-114.264420857323685,51.12495757201976],[-114.264418977944288,51.123103939866958],[-114.263433192224042,51.123104257201994],[-114.263434127611035,51.122703951953028],[-114.257672939431586,51.12270290528064],[-114.257674800866852,51.124955657244229],[-114.257601490768494,51.125002451114597],[-114.25760076732989,51.125182986962528],[-114.257611304613022,51.154203770290252],[-114.234366682989517,51.15424586463886],[-114.234371167722529,51.15409370075831],[-114.232041371707808,51.154153390103552],[-114.221023160973829,51.154151925371416],[-114.220403169297612,51.15410971153154],[-114.219715783656696,51.154024200238496],[-114.219097082442545,51.153905821234055],[-114.218449155264025,51.153725358034457],[-114.217411451242697,51.153318543983303],[-114.216788824087644,51.152985907059787],[-114.216384641300081,51.152716616206831],[-114.215922095495088,51.152318401620661],[-114.213471763410126,51.149948363014907],[-114.211477481311022,51.148142668214035],[-114.210317491623456,51.147373174206031],[-114.209304145701054,51.146847248935593],[-114.208698398451816,51.14658258318854],[-114.206063678576015,51.145668033660641],[-114.203450006338102,51.144703049612545],[-114.205757274060744,51.142243049768751],[-114.206203366038181,51.141813957886839],[-114.206702013145204,51.141386950083927],[-114.207305454908152,51.140951212837258],[-114.208411867325268,51.140309769491552],[-114.209404492511055,51.139777758809814],[-114.210080661748293,51.139477735460687],[-114.21087123006717,51.139178162392511],[-114.21950564128538,51.136156164677097],[-114.221668492088114,51.135255766200657],[-114.222727604118631,51.134741466952356],[-114.224173459291663,51.133884369536275],[-114.224819797412977,51.1334627783625],[-114.22606337241352,51.132556177313724],[-114.227703840356483,51.131147445886327],[-114.226179239468749,51.130558838286802],[-114.215004600883447,51.125863561160045],[-114.202098837934543,51.120578462999489],[-114.209149536973953,51.113988834318228],[-114.209687517585266,51.113383081370856],[-114.210114344964651,51.11272499661861],[-114.210465179724636,51.11209525833938],[-114.210735961276427,51.111393029412504],[-114.211691881744642,51.108165979516521],[-114.211768782718067,51.10729822106795],[-114.211736425367306,51.1059526622372],[-114.211612729426491,51.105930371537006],[-114.211413348365994,51.104979503753739],[-114.211249029681497,51.104851427387835],[-114.210180410875225,51.102433260634072],[-114.210003006926982,51.101583557888972],[-114.209910702058636,51.100744855475575],[-114.20994309881975,51.100205953008398],[-114.210389497643618,51.098410810535619],[-114.211771287510572,51.098526948978353],[-114.213859436481812,51.098608974633741],[-114.215619566851259,51.098599735342134],[-114.216544748260148,51.098551987826852],[-114.222017890773671,51.098555770485703],[-114.225368445083177,51.098649004339357],[-114.22742562238507,51.098806020445231],[-114.228867167951194,51.098875596211855],[-114.229166199905634,51.098807958290067],[-114.230758599314058,51.098140572981109],[-114.232932709420197,51.097428729928005],[-114.234116063654028,51.097178627035092],[-114.234318554024767,51.097073477665191],[-114.235207578636761,51.096942342358219],[-114.235954630681761,51.096908747938087],[-114.237755040856072,51.096892953202918],[-114.239735802415765,51.097014887301235],[-114.240741357748675,51.097148958318492],[-114.242245996425652,51.097412944642507],[-114.243232801448158,51.097533795385488],[-114.244272937332468,51.097810123639718],[-114.244976164326161,51.098132330726166],[-114.245242242738016,51.098318821939394],[-114.245535210663306,51.098624467218116],[-114.245723004001718,51.098749764290325],[-114.246759658815535,51.099296526459604],[-114.248210989173316,51.099921922630507],[-114.248580447920673,51.100034116067285],[-114.24916448636715,51.10014574219899],[-114.249416583865624,51.100348084085304],[-114.249651615666977,51.100448968260736],[-114.250772436195064,51.100721555952227],[-114.251658153063445,51.100972750651998],[-114.25236080444536,51.101247828602432],[-114.254001967138251,51.101513886920394],[-114.255770394999189,51.101868611751947],[-114.256813414723908,51.102038869482151],[-114.257644693318426,51.102225231516378],[-114.258124041500778,51.102281412317708],[-114.258853390451378,51.102284671146798],[-114.260879721561267,51.102154818151909],[-114.262235031284561,51.102021469084249],[-114.263486084416257,51.101846674558871],[-114.263975645266214,51.101818881638351],[-114.264668504076965,51.101649525005634],[-114.265539169355293,51.10137195055367],[-114.266936933200597,51.100708581530391],[-114.267239630099795,51.100639316777126],[-114.267760727526749,51.100577567014973],[-114.269058005364457,51.100638876545439],[-114.269478773683261,51.100613670187435],[-114.2705977306249,51.100393990875439],[-114.271004375311634,51.100362862328403],[-114.271900692670798,51.100355944857114],[-114.273958991539914,51.100409150811089],[-114.276040260480386,51.100416292405612],[-114.280818294064773,51.100574431727459]]]]}},
{"type":"Feature","properties":{"fid":81,"ed_num":19,"ed_name":"Calgary-North"},"geometry":{"type":"MultiPolygon","coordinates":[[[[-114.117912279283601,51.2123013864936],[-114.082934578776317,51.212363990182936],[-114.082931094531247,51.183336194137965],[-114.071294253400566,51.183359844190704],[-114.071259026459458,51.179428717697398],[-114.071220828357696,51.179031718207312],[-114.070775053863642,51.178107573792019],[-114.06965747510084,51.176222854577652],[-114.069066651750887,51.174839872380815],[-114.068930638709219,51.173761105761528],[-114.068852938893983,51.172658577349708],[-114.068865491381544,51.17164056846741],[-114.068781748186623,51.171092945419247],[-114.067948794540641,51.169263551825154],[-114.067859865158454,51.168880931609927],[-114.067938521986605,51.167718463991569],[-114.06804231910219,51.167363419654286],[-114.068273318679644,51.166861830952328],[-114.068811827787073,51.166171735436798],[-114.069922664791576,51.164871422913848],[-114.070508752696654,51.164281039545337],[-114.070906312579183,51.163619173257466],[-114.07114214107304,51.162874583113037],[-114.071200629257476,51.162024427293403],[-114.070616835852732,51.159476606445253],[-114.069846526320106,51.156587417948778],[-114.069395997888236,51.155665143773057],[-114.068693245886422,51.15492176497721],[-114.067914748749629,51.154253051839163],[-114.067441545226671,51.153947817370508],[-114.066566752221576,51.153259011270627],[-114.068392514561452,51.15192145630968],[-114.070093892802063,51.150550977723185],[-114.07088569308884,51.14995944976944],[-114.072315960491053,51.149127724977916],[-114.073445625162236,51.148628048341848],[-114.074465386641393,51.148252899522348],[-114.075606066575645,51.147912152668532],[-114.077343785060663,51.147542654813726],[-114.08194336076852,51.146643794923001],[-114.082482162665329,51.146510063660742],[-114.085157518694274,51.145549977885366],[-114.092500513645916,51.143854177102867],[-114.099065618947705,51.150418500800981],[-114.099323739374071,51.150645657130745],[-114.100760489989909,51.151632443335664],[-114.102202253181503,51.152364058078192],[-114.102936539044066,51.152654905249328],[-114.108890563009126,51.154576818940768],[-114.119216726256624,51.157737188920166],[-114.120882547559617,51.158324939367688],[-114.121838861514405,51.158811469973976],[-114.123696803829262,51.159991816294529],[-114.125100833676399,51.160992976634923],[-114.126953516339739,51.162460843353706],[-114.127679897060531,51.163094713522533],[-114.129599252457751,51.165005126214631],[-114.130171948004161,51.165632538331309],[-114.131437533830749,51.167255741906082],[-114.131933829295477,51.167996568686746],[-114.128651824853648,51.168081851318036],[-114.117936573946892,51.168102620249705],[-114.117917903563651,51.173568022108881],[-114.117984927080897,51.182280780352272],[-114.117963525187037,51.18304578213138],[-114.117913523486209,51.183277682292335],[-114.117912279283601,51.2123013864936]]]]}},
{"type":"Feature","properties":{"fid":82,"ed_num":2,"ed_name":"Calgary-Beddington"},"geometry":{"type":"MultiPolygon","coordinates":[[[[-114.102202253181503,51.152364058078192],[-114.100500896502737,51.151480335013545],[-114.099323739374071,51.150645657130745],[-114.092500513645916,51.143854177102867],[-114.085157518694274,51.145549977885366],[-114.082482162665329,51.146510063660742],[-114.08194336076852,51.146643794923001],[-114.077343785060663,51.147542654813726],[-114.075606066575645,51.147912152668532],[-114.074465386641393,51.148252899522348],[-114.073445625162236,51.148628048341848],[-114.072315960491053,51.149127724977916],[-114.07088569308884,51.14995944976944],[-114.070093892802063,51.150550977723185],[-114.068392514561452,51.15192145630968],[-114.066566752221576,51.153259011270627],[-114.064639893399232,51.151746241504398],[-114.064190498330788,51.151243793280962],[-114.063671960892819,51.150443608376712],[-114.063483290614258,51.150042219192677],[-114.063285850003666,51.149326572638842],[-114.063272348863961,51.148498148493161],[-114.063424171719063,51.147728173966755],[-114.063599322979712,51.147301137773269],[-114.064022397331186,51.146590461137016],[-114.064595837727424,51.145928590237141],[-114.066226562947492,51.144627749417836],[-114.070191691732617,51.141641231484712],[-114.070809234292057,51.141036800987514],[-114.071011688984257,51.140752781606281],[-114.071230993880462,51.140383207593423],[-114.071474404849226,51.139566341919469],[-114.071436323875361,51.136938264849093],[-114.071503882235078,51.134324885773317],[-114.070163574730856,51.133820433708259],[-114.063091131879375,51.131415390048922],[-114.061624777452579,51.131042308312303],[-114.058593511668505,51.130439826990148],[-114.056958662337792,51.129884670317011],[-114.0549683459965,51.128929164452479],[-114.053642744574631,51.128231932216998],[-114.050824366784312,51.126595186526117],[-114.049762602289505,51.126104799784379],[-114.045878996617617,51.12510430730341],[-114.045816320411262,51.124237628232272],[-114.045938230993741,51.121625125515067],[-114.046639026027393,51.117346414769138],[-114.046934717454917,51.115106637154227],[-114.047078930595745,51.112508585415796],[-114.047072031943671,51.110617562605171],[-114.04893793804068,51.110618941930177],[-114.049852468250933,51.110591718383681],[-114.071475915972741,51.110608282434384],[-114.072311465178998,51.110638482188854],[-114.07283396594454,51.110721185823444],[-114.073266189507308,51.110911845453494],[-114.073984688218232,51.11129864595808],[-114.074558888650259,51.111483946097358],[-114.075195789757629,51.111580846157572],[-114.075737892175965,51.111594346115474],[-114.076269794230313,51.111544745654555],[-114.076792997168269,51.111404945879251],[-114.077174698063246,51.111243545539182],[-114.077515900276524,51.111045245100733],[-114.077788002889349,51.110809145542447],[-114.078178706803428,51.110279243898219],[-114.078455309763072,51.109971343720559],[-114.078807987334258,51.109660718102774],[-114.079073611464764,51.109482124716521],[-114.079613068837531,51.109234652492624],[-114.080180379840641,51.109050903616662],[-114.081031659274487,51.108916190195977],[-114.081643368084528,51.108905284019457],[-114.083497699897336,51.109163366550284],[-114.083613379614022,51.108863460837092],[-114.084123597227673,51.107963336370744],[-114.08488352804261,51.106884339861018],[-114.085845496185556,51.10596191140197],[-114.086387495929401,51.105527003025642],[-114.087178182797217,51.104964874304422],[-114.088671355115096,51.104149896878532],[-114.091322773461783,51.10285309868879],[-114.092416969883757,51.102102618134914],[-114.093196133215386,51.1014727085944],[-114.093909676896558,51.100651612184343],[-114.094505684709873,51.099545447480487],[-114.094729961227301,51.098565562958861],[-114.094781576728877,51.098023487754055],[-114.094747561219776,51.091770000025562],[-114.094781565968532,51.089711149403961],[-114.095803239809371,51.089854337026694],[-114.096754405369921,51.090085865143656],[-114.098985617101349,51.090693800967237],[-114.102165626963327,51.091699891185009],[-114.103308021707122,51.092018644617319],[-114.110585180809053,51.093703237460254],[-114.111622250043439,51.094025315763425],[-114.112357532985371,51.09431652997219],[-114.113987504034895,51.095261951322023],[-114.119230721366563,51.09862439367236],[-114.130290341421343,51.104871199699183],[-114.131051365076104,51.105259485193351],[-114.132654391189888,51.106000545867467],[-114.139994043805856,51.109065232489272],[-114.139570985835547,51.109790450549653],[-114.138731696707154,51.110800633740176],[-114.137842228598288,51.111660485358762],[-114.136523991040619,51.112800412650522],[-114.13533895541876,51.113891325014855],[-114.134766012004661,51.114572165743944],[-114.134142029193242,51.115615278006899],[-114.133919072442993,51.116213445359691],[-114.133829697685385,51.116745955590773],[-114.133819725478148,51.117279052954466],[-114.133837468816182,51.117745708755542],[-114.134484557229356,51.122782301676516],[-114.134439396638641,51.123781662935471],[-114.134261868391803,51.124780042705666],[-114.134011768736755,51.125411328497023],[-114.133382047730109,51.126449827737751],[-114.132733267900846,51.127324336743094],[-114.131995758458444,51.128103636759747],[-114.131512376978066,51.128534198941004],[-114.13076601038739,51.129088226016073],[-114.129990234357734,51.129574494319556],[-114.129385984616562,51.129907671109606],[-114.126135540661139,51.13152355497683],[-114.125112908619911,51.132085130049624],[-114.124057033649621,51.13278151879571],[-114.12323092280252,51.133489269997462],[-114.122730786220103,51.133987206847948],[-114.12243270436845,51.134341940292899],[-114.122054478497333,51.134879380384533],[-114.121689744802794,51.135513399209664],[-114.121301607995065,51.136571745094791],[-114.121201730617827,51.136985851340391],[-114.121137956811751,51.137921211996577],[-114.121172412243766,51.138529283377856],[-114.121341026766729,51.139340966705348],[-114.121706610255245,51.140279549869263],[-114.122017459518801,51.140870400150433],[-114.12230094320833,51.14128738294599],[-114.122928029053497,51.142048481671111],[-114.123572914914348,51.142675201081659],[-114.12386121564208,51.142890567101716],[-114.124702808592204,51.143462864558209],[-114.125389966972648,51.143855269115498],[-114.1259215510037,51.144127350483473],[-114.126861089497893,51.144531564693906],[-114.133026621043541,51.146583282598556],[-114.134296819456694,51.147039541583517],[-114.135581343717774,51.147575331735325],[-114.136441365461209,51.148018602598533],[-114.137592647441281,51.148806968469849],[-114.138821589009297,51.14987629634161],[-114.139243189973328,51.150344399303279],[-114.139950390611119,51.151306804780681],[-114.140563072336974,51.152373577055727],[-114.135779754287967,51.152297017649801],[-114.134513865171414,51.15230805971634],[-114.133182313329272,51.15235942290753],[-114.130891023021263,51.152536306321196],[-114.128337048249179,51.152874470319382],[-114.1273438837718,51.15305075303479],[-114.125128454399615,51.153503632517705],[-114.12406882074454,51.15376103477746],[-114.122518945018584,51.15419844563467],[-114.120967681860265,51.154707261091403],[-114.120036443072721,51.155037029740186],[-114.118989863425952,51.15545776889558],[-114.116567847371954,51.156521250901498],[-114.11608448438902,51.156770842377519],[-114.111927855532741,51.155515601657932],[-114.105592898513081,51.153530887085338],[-114.102936539044066,51.152654905249328],[-114.102202253181503,51.152364058078192]]]]}},
{"type":"Feature","properties":{"fid":83,"ed_num":17,"ed_name":"Calgary-McCall"},"geometry":{"type":"MultiPolygon","coordinates":[[[[-113.911724388486391,51.139762746366742],[-113.911729394241192,51.125180108069301],[-113.926223439309823,51.125181412614815],[-113.929957275305355,51.125206867061102],[-113.930001946460209,51.124345918489908],[-113.930193647344666,51.123964018987301],[-113.930873350129374,51.123180519010667],[-113.930958750647008,51.122979819113894],[-113.930962551129014,51.122668319348627],[-113.930782251243301,51.122351618654122],[-113.930513351806482,51.122099618849099],[-113.92769915808239,51.11992351674396],[-113.927426759198966,51.119698417028992],[-113.927254759931756,51.119481316989685],[-113.927177560584099,51.119219116623619],[-113.927162261585053,51.11894071696414],[-113.927112669795591,51.116641017997104],[-113.927150176183446,51.115200918264733],[-113.928380279662264,51.114540419083994],[-113.929211381666164,51.114123819675441],[-113.929352281841943,51.114093319908456],[-113.935089087362826,51.114072468593278],[-113.93515329940314,51.111600126334658],[-113.935070527485564,51.110941085536481],[-113.935077670205771,51.11063040942939],[-113.955903646056015,51.11064684039912],[-113.968863915971482,51.11062011158937],[-113.969576378791871,51.110673681003746],[-113.970287792534336,51.110774524626272],[-113.971072741705441,51.110946942782796],[-113.97215550384928,51.111240193687728],[-113.974049491328699,51.111858686804013],[-113.976050731538848,51.110044893201568],[-113.979810578982423,51.106460256340753],[-113.980466097998544,51.105685728147208],[-113.980934889633943,51.104862280691243],[-113.981328567662516,51.104038176726121],[-113.981570482424573,51.103283681656414],[-113.981658045281421,51.102716991452468],[-113.981766901496414,51.101181087312064],[-113.98174012621827,51.095849856326637],[-113.988145355037787,51.095640360518736],[-113.989108091675149,51.095562238660001],[-113.990210286244789,51.095384453467886],[-113.990900368339553,51.095217509336365],[-113.998016155347088,51.093117423765406],[-113.998751305866023,51.092979635418558],[-113.999944286891122,51.092831352053167],[-114.001485223919559,51.092815355296885],[-114.001813569794422,51.092784709525091],[-114.020065149518203,51.092799625947443],[-114.022914570885291,51.092858916706334],[-114.023344230894395,51.092903429789317],[-114.024104430797664,51.093045987990493],[-114.024553024933667,51.093179687875953],[-114.025395621634985,51.093521798516321],[-114.025824828649831,51.093784728774189],[-114.027331875343492,51.095022001152955],[-114.027625352996466,51.095211753397905],[-114.02823700596106,51.095505009778783],[-114.028827298807869,51.095726042691297],[-114.029327593787428,51.095874283468056],[-114.030011519161746,51.095995228254289],[-114.030709350416757,51.096078758319187],[-114.040860704412722,51.096135115319321],[-114.041478275740602,51.096995952574446],[-114.04391352182428,51.099886479256043],[-114.044553527099723,51.100748600249673],[-114.045013300078722,51.101552119726897],[-114.045275445445583,51.102039830925698],[-114.045860441876144,51.103372784244222],[-114.046392468264401,51.105076621253254],[-114.046581314836757,51.105820797751463],[-114.046902792296038,51.107837107766635],[-114.047071391727499,51.109566540939234],[-114.047078930595745,51.112508585415796],[-114.046934717454917,51.115106637154227],[-114.046639026027393,51.117346414769138],[-114.045938230993741,51.121625125515067],[-114.045873141107421,51.122581448927185],[-114.045816320411262,51.124237628232272],[-114.045996442295134,51.12650984870659],[-114.046029207402469,51.128223891484332],[-114.045873629035484,51.129165197466925],[-114.045534141990458,51.130219253749878],[-114.045037252879041,51.131200615145936],[-114.044312513368141,51.132222956144844],[-114.04354559646606,51.133087852165758],[-114.030135653139297,51.145859177434488],[-114.027618350556168,51.147880515110906],[-114.026441628687991,51.148770453778383],[-114.017836835352981,51.154398379584137],[-114.012736018152594,51.154382833407908],[-114.010017586824134,51.154302129020785],[-113.999341721726964,51.154335234506192],[-113.970006509187996,51.154316092723874],[-113.970021026722989,51.1440597961479],[-113.970251908198804,51.141345637087539],[-113.970253051863295,51.139758080141917],[-113.911724388486391,51.139762746366742]]]]}},
{"type":"Feature","properties":{"fid":84,"ed_num":12,"ed_name":"Calgary-Foothills"},"geometry":{"type":"MultiPolygon","coordinates":[[[[-114.234371167722529,51.15409370075831],[-114.234377231169191,51.161461662317485],[-114.234451315183449,51.161461570553342],[-114.234453477190058,51.168687674224266],[-114.234379608042303,51.168687919435826],[-114.234381497603692,51.175899952023187],[-114.234455603121503,51.17589986941379],[-114.234456187058498,51.177688095687934],[-114.23438206864472,51.177688096176652],[-114.234386888341533,51.183291248693159],[-114.219253279160668,51.183292865568404],[-114.218242073107092,51.183355681501176],[-114.21111588395857,51.183358112258496],[-114.211133472807575,51.186911094787526],[-114.211207582778613,51.186910955744381],[-114.211225398816438,51.190526414692826],[-114.211151284878099,51.190526445771837],[-114.211162881796369,51.197759406501021],[-114.167945055071172,51.197716964822682],[-114.167944403664364,51.196921794289921],[-114.16460482399664,51.196886573839855],[-114.164666949616404,51.197229268242019],[-114.164673334113246,51.19771169704407],[-114.152522215824206,51.197731389718008],[-114.152521563807625,51.196827457660575],[-114.141310182148302,51.196846186081892],[-114.141309368428338,51.197750152967608],[-114.12953347193465,51.197790197615298],[-114.129533205599301,51.212261468487398],[-114.117912279283601,51.2123013864936],[-114.117913523486209,51.183277682292335],[-114.117963525187037,51.18304578213138],[-114.117984927080897,51.182280780352272],[-114.117917903563651,51.173568022108881],[-114.117936573946892,51.168102620249705],[-114.128651824853648,51.168081851318036],[-114.131933829295477,51.167996568686746],[-114.131437533830749,51.167255741906082],[-114.130171948004161,51.165632538331309],[-114.129599252457751,51.165005126214631],[-114.127679897060531,51.163094713522533],[-114.126953516339739,51.162460843353706],[-114.125100833676399,51.160992976634923],[-114.123696803829262,51.159991816294529],[-114.122491837959146,51.159215826941207],[-114.121838861514405,51.158811469973976],[-114.120882547559617,51.158324939367688],[-114.119216726256624,51.157737188920166],[-114.11608448438902,51.156770842377519],[-114.116567847371954,51.156521250901498],[-114.118237270750129,51.155778663833502],[-114.120036443072721,51.155037029740186],[-114.122518945018584,51.15419844563467],[-114.12406882074454,51.15376103477746],[-114.125128454399615,51.153503632517705],[-114.1273438837718,51.15305075303479],[-114.128337048249179,51.152874470319382],[-114.130891023021263,51.152536306321196],[-114.133182313329272,51.15235942290753],[-114.134513865171414,51.15230805971634],[-114.135779754287967,51.152297017649801],[-114.14613120863406,51.152488688284294],[-114.148909665288429,51.152508945979314],[-114.153962507127417,51.152486037960728],[-114.157248319714654,51.152390611122073],[-114.159918795838422,51.152270810544074],[-114.161799386707202,51.152175079384691],[-114.16559109954909,51.151898991566249],[-114.166660326583539,51.150362076633343],[-114.166944857439574,51.149844825675473],[-114.167376627820843,51.148792034655408],[-114.168173123231455,51.145820506244775],[-114.168237179085892,51.145318992471999],[-114.168201134366072,51.144262869238887],[-114.167737953032969,51.142476717790693],[-114.167364919584756,51.141798999642234],[-114.165460214880667,51.139085171117792],[-114.164363719458635,51.137656534937761],[-114.166290152918023,51.137308231321235],[-114.167227360384686,51.137211053497047],[-114.168439352229868,51.137133130391767],[-114.169512549514366,51.137123446746998],[-114.17063952433638,51.137183372116013],[-114.171710862508689,51.137277511327703],[-114.173082652034495,51.137494930075711],[-114.174342558904215,51.137815399019438],[-114.175409910474684,51.138134495726632],[-114.176066154374141,51.138364141007948],[-114.176830600468179,51.138698399953967],[-114.18196009046234,51.141140366335144],[-114.182917984326693,51.140307187845814],[-114.183474182933509,51.139704260817453],[-114.183813939651756,51.139268932940951],[-114.18408370244525,51.138834984813066],[-114.185003150720149,51.136957067955336],[-114.185662322710527,51.135971425039635],[-114.187045826785806,51.134635097795282],[-114.202098837934543,51.120578462999489],[-114.215004600883447,51.125863561160045],[-114.226179239468749,51.130558838286802],[-114.227703840356483,51.131147445886327],[-114.22606337241352,51.132556177313724],[-114.224819797412977,51.1334627783625],[-114.224173459291663,51.133884369536275],[-114.222727604118631,51.134741466952356],[-114.221668492088114,51.135255766200657],[-114.21950564128538,51.136156164677097],[-114.21087123006717,51.139178162392511],[-114.210080661748293,51.139477735460687],[-114.209404492511055,51.139777758809814],[-114.208411867325268,51.140309769491552],[-114.207305454908152,51.140951212837258],[-114.206702013145204,51.141386950083927],[-114.206203366038181,51.141813957886839],[-114.205757274060744,51.142243049768751],[-114.203450006338102,51.144703049612545],[-114.206063678576015,51.145668033660641],[-114.208698398451816,51.14658258318854],[-114.209304145701054,51.146847248935593],[-114.210317491623456,51.147373174206031],[-114.211477481311022,51.148142668214035],[-114.213471763410126,51.149948363014907],[-114.215922095495088,51.152318401620661],[-114.216384641300081,51.152716616206831],[-114.216788824087644,51.152985907059787],[-114.217411451242697,51.153318543983303],[-114.218449155264025,51.153725358034457],[-114.219097082442545,51.153905821234055],[-114.219715783656696,51.154024200238496],[-114.220403169297612,51.15410971153154],[-114.221023160973829,51.154151925371416],[-114.232041371707808,51.154153390103552],[-114.234371167722529,51.15409370075831]]]]}},
{"type":"Feature","properties":{"fid":85,"ed_num":20,"ed_name":"Calgary-North East"},"geometry":{"type":"MultiPolygon","coordinates":[[[[-114.082934578776317,51.212363990182936],[-114.071186086413618,51.212391211579302],[-114.071186006612223,51.212344638516576],[-114.013292124508425,51.212424501763245],[-114.013273375651792,51.205239149019597],[-114.00266363212053,51.205244841988282],[-114.002663173972152,51.179757241046538],[-114.002257869886606,51.179757761427737],[-114.002257622183706,51.176112860877168],[-114.001826186535169,51.17611346228945],[-114.001826050778149,51.183532521936087],[-113.911708496407911,51.183523559069407],[-113.911724388486391,51.139762746366742],[-113.970253051863295,51.139758080141917],[-113.970251908198804,51.141345637087539],[-113.970021026722989,51.1440597961479],[-113.970006509187996,51.154316092723874],[-113.999341721726964,51.154335234506192],[-114.010017586824134,51.154302129020785],[-114.012736018152594,51.154382833407908],[-114.017836835352981,51.154398379584137],[-114.026441628687991,51.148770453778383],[-114.027618350556168,51.147880515110906],[-114.030135653139297,51.145859177434488],[-114.04354559646606,51.133087852165758],[-114.044312513368141,51.132222956144844],[-114.045037252879041,51.131200615145936],[-114.045534141990458,51.130219253749878],[-114.045873629035484,51.129165197466925],[-114.046029207402469,51.128223891484332],[-114.046040094779514,51.127695566573529],[-114.045996442295134,51.12650984870659],[-114.045878996617617,51.12510430730341],[-114.049762602289505,51.126104799784379],[-114.050824366784312,51.126595186526117],[-114.053642744574631,51.128231932216998],[-114.0549683459965,51.128929164452479],[-114.056958662337792,51.129884670317011],[-114.058593511668505,51.130439826990148],[-114.061624777452579,51.131042308312303],[-114.063091131879375,51.131415390048922],[-114.070163574730856,51.133820433708259],[-114.071503882235078,51.134324885773317],[-114.071436323875361,51.136938264849093],[-114.071474404849226,51.139566341919469],[-114.071230993880462,51.140383207593423],[-114.070809234292057,51.141036800987514],[-114.070191691732617,51.141641231484712],[-114.066226562947492,51.144627749417836],[-114.064595837727424,51.145928590237141],[-114.064022397331186,51.146590461137016],[-114.063599322979712,51.147301137773269],[-114.063424171719063,51.147728173966755],[-114.063272348863961,51.148498148493161],[-114.063285850003666,51.149326572638842],[-114.063483290614258,51.150042219192677],[-114.063935348826234,51.150893200139684],[-114.064190498330788,51.151243793280962],[-114.064639893399232,51.151746241504398],[-114.0648826789444,51.15195760030025],[-114.067441545226671,51.153947817370508],[-114.067914748749629,51.154253051839163],[-114.068693245886422,51.15492176497721],[-114.069395997888236,51.155665143773057],[-114.069846526320106,51.156587417948778],[-114.070616835852732,51.159476606445253],[-114.071113427638906,51.161555025465326],[-114.071200629257476,51.162024427293403],[-114.07114214107304,51.162874583113037],[-114.070906312579183,51.163619173257466],[-114.070508752696654,51.164281039545337],[-114.069922664791576,51.164871422913848],[-114.068811827787073,51.166171735436798],[-114.068273318679644,51.166861830952328],[-114.06804231910219,51.167363419654286],[-114.067938521986605,51.167718463991569],[-114.067859865158454,51.168880931609927],[-114.067948794540641,51.169263551825154],[-114.068781748186623,51.171092945419247],[-114.068865491381544,51.17164056846741],[-114.068852938893983,51.172658577349708],[-114.068930638709219,51.173761105761528],[-114.069066651750887,51.174839872380815],[-114.06965747510084,51.176222854577652],[-114.070775053863642,51.178107573792019],[-114.071220828357696,51.179031718207312],[-114.071259026459458,51.179428717697398],[-114.071294253400566,51.183359844190704],[-114.082931094531247,51.183336194137965],[-114.082934578776317,51.212363990182936]]]]}}
]
}
